"","Geohash","year","month","Count.Date","X8.Peak.Hr.Vehicle.Volume","X8.Peak.Hr.Pedestrian.Volume","sum_acc_count","temp_chg","snow","rain","SeverityScore","IncidentsTotal","AvgAcceleration","PercentOfVehicles","AvgMonthlyVolume","PercentCar","PercentMPV","PercentLDT","PercentMDT","PercentHDT","PercentOther"
"1","dpz80q",NA,NA,NA,NA,NA,NA,NA,NA,NA,0.0949,11,0.6423,0.055,19796,0.0361,0.1744,0.2553,0.0811,0.1178,0.3353
"2","dpz80r",2016,"12",2017-10-03,10490,252,7,NA,22,13.9,NA,NA,2.4544,0.0526,19,0,0.0526,0.1579,0.0526,0.1579,0.579
"3","dpz80r",2011,"01",2017-10-03,10490,252,6,14.3,0,9.2,NA,NA,2.4544,0.0526,19,0,0.0526,0.1579,0.0526,0.1579,0.579
"4","dpz80r",2014,"09",2017-10-03,10490,252,2,14.4,0,27,NA,NA,2.4544,0.0526,19,0,0.0526,0.1579,0.0526,0.1579,0.579
"5","dpz80r",2016,"03",2017-10-03,10490,252,3,16,13,24.7,NA,NA,2.4544,0.0526,19,0,0.0526,0.1579,0.0526,0.1579,0.579
"6","dpz80r",2010,"11",2017-10-03,10490,252,1,12.6,0,29.7,NA,NA,2.4544,0.0526,19,0,0.0526,0.1579,0.0526,0.1579,0.579
"7","dpz80r",2015,"08",2017-10-03,10490,252,3,12,0,14.1,NA,NA,2.4544,0.0526,19,0,0.0526,0.1579,0.0526,0.1579,0.579
"8","dpz80r",2009,"05",2017-10-03,10490,252,4,NA,0,15.2,NA,NA,2.4544,0.0526,19,0,0.0526,0.1579,0.0526,0.1579,0.579
"9","dpz80r",2016,"10",2017-10-03,10490,252,1,13.5,0,9.6,NA,NA,2.4544,0.0526,19,0,0.0526,0.1579,0.0526,0.1579,0.579
"10","dpz80w",2017,"09",2018-01-24,27594,20,2,14.8,0,7.7,0.0972,32,1.1636,0.0769,13,0,0.0769,0.1538,0.0769,0.3077,0.3847
"11","dpz80x",2016,"01",2016-04-25,6472,388,2,NA,4,27.1,NA,NA,4.4035,0.0476,21,0,0.0952,0.0476,0,0.2857,0.5715
"12","dpz80x",2009,"06",2016-04-25,6472,388,4,12,0,22.6,NA,NA,4.4035,0.0476,21,0,0.0952,0.0476,0,0.2857,0.5715
"13","dpz80x",2012,"02",2016-04-25,6472,388,3,9.7,0,12,NA,NA,4.4035,0.0476,21,0,0.0952,0.0476,0,0.2857,0.5715
"14","dpz80x",2012,"09",2016-04-25,6472,388,4,13.3,0,42.1,NA,NA,4.4035,0.0476,21,0,0.0952,0.0476,0,0.2857,0.5715
"15","dpz80y",NA,NA,2009-12-07,21367,121,NA,NA,NA,NA,NA,NA,1.4592,0.1111,45,0.1136,0.1818,0.2045,0.0455,0.1136,0.341
"16","dpz80z",2007,"02",2018-01-24,11246,265,8,16,20,5.6,0.0109,4,2.4524,0.0625,16,0.1875,0.125,0.1875,0.0625,0.1875,0.25
"17","dpz80z",2010,"05",2018-01-24,11246,265,3,NA,0,5.6,0.0109,4,2.4524,0.0625,16,0.1875,0.125,0.1875,0.0625,0.1875,0.25
"18","dpz81n",NA,NA,NA,NA,NA,NA,NA,NA,NA,NA,NA,1.1275,0.0667,195,0.0513,0.241,0.2,0.0513,0.3795,0.0769
"19","dpz81p",2013,"06",2018-01-24,25571,163,4,12.7,0,26.7,0.0407,5,1.7373,0.0811,37,0.027,0.5135,0.1081,0.027,0.027,0.2974
"20","dpz81p",2011,"09",2018-01-24,25571,163,2,13.7,0,28.9,0.0407,5,1.7373,0.0811,37,0.027,0.5135,0.1081,0.027,0.027,0.2974
"21","dpz81p",2009,"04",2018-01-24,25571,163,2,18.9,0,34.9,0.0407,5,1.7373,0.0811,37,0.027,0.5135,0.1081,0.027,0.027,0.2974
"22","dpz81p",2011,"06",2018-01-24,25571,163,2,15.3,0,20.2,0.0407,5,1.7373,0.0811,37,0.027,0.5135,0.1081,0.027,0.027,0.2974
"23","dpz81p",2013,"11",2018-01-24,25571,163,2,12,1,7.4,0.0407,5,1.7373,0.0811,37,0.027,0.5135,0.1081,0.027,0.027,0.2974
"24","dpz81p",2008,"06",2018-01-24,25571,163,4,15.5,0,28.3,0.0407,5,1.7373,0.0811,37,0.027,0.5135,0.1081,0.027,0.027,0.2974
"25","dpz81p",2012,"10",2018-01-24,25571,163,4,11,0,21,0.0407,5,1.7373,0.0811,37,0.027,0.5135,0.1081,0.027,0.027,0.2974
"26","dpz81p",2015,"07",2018-01-24,25571,163,3,13.4,0,10.6,0.0407,5,1.7373,0.0811,37,0.027,0.5135,0.1081,0.027,0.027,0.2974
"27","dpz81p",2013,"12",2018-01-24,25571,163,3,NA,17,17.1,0.0407,5,1.7373,0.0811,37,0.027,0.5135,0.1081,0.027,0.027,0.2974
"28","dpz81p",2015,"10",2018-01-24,25571,163,3,15.6,0,58.3,0.0407,5,1.7373,0.0811,37,0.027,0.5135,0.1081,0.027,0.027,0.2974
"29","dpz81p",2007,"08",2018-01-24,25571,163,10,14,0,10.9,0.0407,5,1.7373,0.0811,37,0.027,0.5135,0.1081,0.027,0.027,0.2974
"30","dpz81p",2016,"11",2018-01-24,25571,163,4,NA,0,21,0.0407,5,1.7373,0.0811,37,0.027,0.5135,0.1081,0.027,0.027,0.2974
"31","dpz81p",2015,"11",2018-01-24,25571,163,3,NA,1,14.7,0.0407,5,1.7373,0.0811,37,0.027,0.5135,0.1081,0.027,0.027,0.2974
"32","dpz81q",NA,NA,NA,NA,NA,NA,NA,NA,NA,NA,NA,1.7805,0.0431,116,0.0517,0.2155,0.2155,0.0431,0.3793,0.0949
"33","dpz81r",2013,"01",2012-06-07,8423,2887,2,15.5,14,28.3,NA,NA,1.0627,0.0182,55,0.0182,0.2727,0.0727,0.0364,0.2545,0.3455
"34","dpz81r",2013,"08",2012-06-07,8423,2887,3,11.8,0,38.6,NA,NA,1.0627,0.0182,55,0.0182,0.2727,0.0727,0.0364,0.2545,0.3455
"35","dpz822",2007,"12",2017-05-17,9339,2582,2,12.7,25,23.7,NA,NA,1.8403,0.0625,16,0.0625,0.125,0.1875,0.125,0.125,0.375
"36","dpz822",2010,"05",2017-05-17,9339,2582,2,NA,0,5.6,NA,NA,1.8403,0.0625,16,0.0625,0.125,0.1875,0.125,0.125,0.375
"37","dpz822",2013,"08",2017-05-17,9339,2582,2,11.8,0,38.6,NA,NA,1.8403,0.0625,16,0.0625,0.125,0.1875,0.125,0.125,0.375
"38","dpz822",2017,"10",2017-05-17,9339,2582,3,NA,0,12.5,NA,NA,1.8403,0.0625,16,0.0625,0.125,0.1875,0.125,0.125,0.375
"39","dpz822",2012,"06",2017-05-17,9339,2582,2,16.3,0,45.5,NA,NA,1.8403,0.0625,16,0.0625,0.125,0.1875,0.125,0.125,0.375
"40","dpz823",NA,NA,NA,NA,NA,NA,NA,NA,NA,NA,NA,1.3743,0.0843,83,0.0241,0.2771,0.1807,0.0361,0.0723,0.4097
"41","dpz826",2017,"04",2016-06-11,14803,5131,2,NA,0,26.9,0.0582,3,2.4336,0.3375,160,0.0063,0.4873,0.1203,0.0316,0.0633,0.2912
"42","dpz826",2011,"09",2016-06-11,14803,5131,2,13.7,0,28.9,0.0582,3,2.4336,0.3375,160,0.0063,0.4873,0.1203,0.0316,0.0633,0.2912
"43","dpz826",2017,"06",2016-06-11,14803,5131,2,NA,0,33.1,0.0582,3,2.4336,0.3375,160,0.0063,0.4873,0.1203,0.0316,0.0633,0.2912
"44","dpz826",2016,"10",2016-06-11,14803,5131,2,13.5,0,9.6,0.0582,3,2.4336,0.3375,160,0.0063,0.4873,0.1203,0.0316,0.0633,0.2912
"45","dpz826",2017,"12",2016-06-11,14803,5131,3,11.3,16,7.2,0.0582,3,2.4336,0.3375,160,0.0063,0.4873,0.1203,0.0316,0.0633,0.2912
"46","dpz826",2016,"08",2016-06-11,14803,5131,2,NA,0,19.2,0.0582,3,2.4336,0.3375,160,0.0063,0.4873,0.1203,0.0316,0.0633,0.2912
"47","dpz827",2007,"02",2016-04-28,10922,378,2,16,20,5.6,0.0229,3,1.6292,0.267,221,0.0731,0.1416,0.0457,0.1461,0.3562,0.2373
"48","dpz827",2008,"06",2016-04-28,10922,378,2,15.5,0,28.3,0.0229,3,1.6292,0.267,221,0.0731,0.1416,0.0457,0.1461,0.3562,0.2373
"49","dpz827",2008,"01",2016-04-28,10922,378,2,17.6,6,12.4,0.0229,3,1.6292,0.267,221,0.0731,0.1416,0.0457,0.1461,0.3562,0.2373
"50","dpz828",2013,"07",2018-01-24,9466,2769,2,NA,0,96.8,0.0239,3,3.6398,0.0435,23,0,0.087,0.1739,0.0435,0.1739,0.5217
"51","dpz828",2007,"06",2018-01-24,9466,2769,2,16.5,0,10.3,0.0239,3,3.6398,0.0435,23,0,0.087,0.1739,0.0435,0.1739,0.5217
"52","dpz828",2010,"06",2018-01-24,9466,2769,2,13.2,0,44.9,0.0239,3,3.6398,0.0435,23,0,0.087,0.1739,0.0435,0.1739,0.5217
"53","dpz828",2010,"10",2018-01-24,9466,2769,2,14.9,0,17.7,0.0239,3,3.6398,0.0435,23,0,0.087,0.1739,0.0435,0.1739,0.5217
"54","dpz828",2015,"03",2018-01-24,9466,2769,2,11.9,0,5.4,0.0239,3,3.6398,0.0435,23,0,0.087,0.1739,0.0435,0.1739,0.5217
"55","dpz828",2016,"12",2018-01-24,9466,2769,2,NA,22,13.9,0.0239,3,3.6398,0.0435,23,0,0.087,0.1739,0.0435,0.1739,0.5217
"56","dpz828",2015,"12",2018-01-24,9466,2769,2,NA,5,18.9,0.0239,3,3.6398,0.0435,23,0,0.087,0.1739,0.0435,0.1739,0.5217
"57","dpz828",2011,"05",2018-01-24,9466,2769,2,12.3,0,18,0.0239,3,3.6398,0.0435,23,0,0.087,0.1739,0.0435,0.1739,0.5217
"58","dpz828",2015,"10",2018-01-24,9466,2769,3,15.6,0,58.3,0.0239,3,3.6398,0.0435,23,0,0.087,0.1739,0.0435,0.1739,0.5217
"59","dpz828",2011,"07",2018-01-24,9466,2769,2,13.4,0,11.7,0.0239,3,3.6398,0.0435,23,0,0.087,0.1739,0.0435,0.1739,0.5217
"60","dpz828",2013,"06",2018-01-24,9466,2769,1,12.7,0,26.7,0.0239,3,3.6398,0.0435,23,0,0.087,0.1739,0.0435,0.1739,0.5217
"61","dpz828",2007,"01",2018-01-24,9466,2769,3,11.9,10,11.5,0.0239,3,3.6398,0.0435,23,0,0.087,0.1739,0.0435,0.1739,0.5217
"62","dpz828",2012,"07",2018-01-24,9466,2769,2,14.3,0,33.4,0.0239,3,3.6398,0.0435,23,0,0.087,0.1739,0.0435,0.1739,0.5217
"63","dpz828",2007,"09",2018-01-24,9466,2769,2,15,0,9.8,0.0239,3,3.6398,0.0435,23,0,0.087,0.1739,0.0435,0.1739,0.5217
"64","dpz829",2008,"11",2016-04-27,8849,1094,3,9.7,4,31,NA,NA,1.3071,0.1379,29,0.0357,0.1429,0.0357,0.1786,0,0.6071
"65","dpz829",2011,"02",2016-04-27,8849,1094,2,15.9,0,14,NA,NA,1.3071,0.1379,29,0.0357,0.1429,0.0357,0.1786,0,0.6071
"66","dpz829",2014,"02",2016-04-27,8849,1094,6,11.8,30,14.1,NA,NA,1.3071,0.1379,29,0.0357,0.1429,0.0357,0.1786,0,0.6071
"67","dpz829",2015,"12",2016-04-27,8849,1094,5,NA,5,18.9,NA,NA,1.3071,0.1379,29,0.0357,0.1429,0.0357,0.1786,0,0.6071
"68","dpz829",2009,"02",2016-04-27,8849,1094,3,20.4,32,25.6,NA,NA,1.3071,0.1379,29,0.0357,0.1429,0.0357,0.1786,0,0.6071
"69","dpz829",2008,"01",2016-04-27,8849,1094,2,17.6,6,12.4,NA,NA,1.3071,0.1379,29,0.0357,0.1429,0.0357,0.1786,0,0.6071
"70","dpz82b",2017,"08",2017-11-16,12200,796,2,11.9,0,8.5,NA,NA,2.0726,0.0526,19,0,0.0526,0.1579,0,0.4737,0.3158
"71","dpz82b",2013,"08",2017-11-16,12200,796,4,11.8,0,38.6,NA,NA,2.0726,0.0526,19,0,0.0526,0.1579,0,0.4737,0.3158
"72","dpz82b",2009,"05",2017-11-16,12200,796,2,NA,0,15.2,NA,NA,2.0726,0.0526,19,0,0.0526,0.1579,0,0.4737,0.3158
"73","dpz82b",2007,"11",2017-11-16,12200,796,2,10.3,0,31.1,NA,NA,2.0726,0.0526,19,0,0.0526,0.1579,0,0.4737,0.3158
"74","dpz82b",2015,"10",2017-11-16,12200,796,2,15.6,0,58.3,NA,NA,2.0726,0.0526,19,0,0.0526,0.1579,0,0.4737,0.3158
"75","dpz82b",2015,"09",2017-11-16,12200,796,2,14.3,0,16.6,NA,NA,2.0726,0.0526,19,0,0.0526,0.1579,0,0.4737,0.3158
"76","dpz82c",2011,"03",2013-03-14,11628,4053,2,14.4,0,32.4,0.0175,3,3.7624,0.0476,21,0,0.0476,0.1429,0.0476,0.4762,0.2857
"77","dpz82c",2011,"02",2013-03-14,11628,4053,3,15.9,0,14,0.0175,3,3.7624,0.0476,21,0,0.0476,0.1429,0.0476,0.4762,0.2857
"78","dpz82c",2013,"04",2013-03-14,11628,4053,2,15.9,0,19.1,0.0175,3,3.7624,0.0476,21,0,0.0476,0.1429,0.0476,0.4762,0.2857
"79","dpz82c",2012,"06",2013-03-14,11628,4053,2,16.3,0,45.5,0.0175,3,3.7624,0.0476,21,0,0.0476,0.1429,0.0476,0.4762,0.2857
"80","dpz82c",2008,"03",2013-03-14,11628,4053,2,11,36,17.1,0.0175,3,3.7624,0.0476,21,0,0.0476,0.1429,0.0476,0.4762,0.2857
"81","dpz82d",2014,"12",2017-01-16,11340,4611,2,NA,0,18,0.0111,4,1.6197,0.125,16,0.0625,0.3125,0.1875,0,0.0625,0.375
"82","dpz82d",2011,"11",2017-01-16,11340,4611,3,12.8,0,47,0.0111,4,1.6197,0.125,16,0.0625,0.3125,0.1875,0,0.0625,0.375
"83","dpz82d",2017,"08",2017-01-16,11340,4611,2,11.9,0,8.5,0.0111,4,1.6197,0.125,16,0.0625,0.3125,0.1875,0,0.0625,0.375
"84","dpz82d",2008,"05",2017-01-16,11340,4611,2,16.9,0,13.1,0.0111,4,1.6197,0.125,16,0.0625,0.3125,0.1875,0,0.0625,0.375
"85","dpz82d",2007,"12",2017-01-16,11340,4611,2,12.7,25,23.7,0.0111,4,1.6197,0.125,16,0.0625,0.3125,0.1875,0,0.0625,0.375
"86","dpz82d",2007,"02",2017-01-16,11340,4611,5,16,20,5.6,0.0111,4,1.6197,0.125,16,0.0625,0.3125,0.1875,0,0.0625,0.375
"87","dpz82d",2016,"02",2017-01-16,11340,4611,2,17.6,10,3.5,0.0111,4,1.6197,0.125,16,0.0625,0.3125,0.1875,0,0.0625,0.375
"88","dpz82d",2014,"06",2017-01-16,11340,4611,3,12.5,0,34.1,0.0111,4,1.6197,0.125,16,0.0625,0.3125,0.1875,0,0.0625,0.375
"89","dpz82d",2010,"09",2017-01-16,11340,4611,2,13.2,0,26.9,0.0111,4,1.6197,0.125,16,0.0625,0.3125,0.1875,0,0.0625,0.375
"90","dpz82d",2009,"09",2017-01-16,11340,4611,7,13.1,0,12.6,0.0111,4,1.6197,0.125,16,0.0625,0.3125,0.1875,0,0.0625,0.375
"91","dpz82d",2007,"03",2017-01-16,11340,4611,2,15.2,16,15.2,0.0111,4,1.6197,0.125,16,0.0625,0.3125,0.1875,0,0.0625,0.375
"92","dpz82d",2014,"08",2017-01-16,11340,4611,2,NA,0,6.6,0.0111,4,1.6197,0.125,16,0.0625,0.3125,0.1875,0,0.0625,0.375
"93","dpz82d",2014,"04",2017-01-16,11340,4611,2,NA,0,32.1,0.0111,4,1.6197,0.125,16,0.0625,0.3125,0.1875,0,0.0625,0.375
"94","dpz82d",2012,"10",2017-01-16,11340,4611,3,11,0,21,0.0111,4,1.6197,0.125,16,0.0625,0.3125,0.1875,0,0.0625,0.375
"95","dpz82e",2008,"04",2017-01-16,13223,5290,7,16.8,0,22,NA,NA,3.0769,0.1905,21,0,0.2381,0.2381,0,0.0952,0.4286
"96","dpz82e",2010,"08",2017-01-16,13223,5290,2,13.3,0,36.3,NA,NA,3.0769,0.1905,21,0,0.2381,0.2381,0,0.0952,0.4286
"97","dpz82e",2014,"08",2017-01-16,13223,5290,6,NA,0,6.6,NA,NA,3.0769,0.1905,21,0,0.2381,0.2381,0,0.0952,0.4286
"98","dpz82e",2012,"11",2017-01-16,13223,5290,2,14.2,0,5.5,NA,NA,3.0769,0.1905,21,0,0.2381,0.2381,0,0.0952,0.4286
"99","dpz82e",2013,"09",2017-01-16,13223,5290,3,13.3,0,23.9,NA,NA,3.0769,0.1905,21,0,0.2381,0.2381,0,0.0952,0.4286
"100","dpz82e",2012,"05",2017-01-16,13223,5290,3,15.5,0,15.4,NA,NA,3.0769,0.1905,21,0,0.2381,0.2381,0,0.0952,0.4286
"101","dpz82e",2014,"09",2017-01-16,13223,5290,3,14.4,0,27,NA,NA,3.0769,0.1905,21,0,0.2381,0.2381,0,0.0952,0.4286
"102","dpz82e",2011,"08",2017-01-16,13223,5290,3,13.5,0,20.4,NA,NA,3.0769,0.1905,21,0,0.2381,0.2381,0,0.0952,0.4286
"103","dpz82e",2017,"08",2017-01-16,13223,5290,2,11.9,0,8.5,NA,NA,3.0769,0.1905,21,0,0.2381,0.2381,0,0.0952,0.4286
"104","dpz82e",2009,"11",2017-01-16,13223,5290,2,10.5,0,9.8,NA,NA,3.0769,0.1905,21,0,0.2381,0.2381,0,0.0952,0.4286
"105","dpz82e",2015,"09",2017-01-16,13223,5290,2,14.3,0,16.6,NA,NA,3.0769,0.1905,21,0,0.2381,0.2381,0,0.0952,0.4286
"106","dpz82e",2010,"06",2017-01-16,13223,5290,2,13.2,0,44.9,NA,NA,3.0769,0.1905,21,0,0.2381,0.2381,0,0.0952,0.4286
"107","dpz82f",2011,"11",2015-04-08,8875,2028,2,12.8,0,47,NA,NA,4.0272,0.0333,30,0,0.2667,0.1,0,0.0667,0.5666
"108","dpz82f",2013,"08",2015-04-08,8875,2028,3,11.8,0,38.6,NA,NA,4.0272,0.0333,30,0,0.2667,0.1,0,0.0667,0.5666
"109","dpz82f",2010,"12",2015-04-08,8875,2028,3,11,0,12.8,NA,NA,4.0272,0.0333,30,0,0.2667,0.1,0,0.0667,0.5666
"110","dpz82f",2012,"03",2015-04-08,8875,2028,2,15.4,0,6.2,NA,NA,4.0272,0.0333,30,0,0.2667,0.1,0,0.0667,0.5666
"111","dpz82f",2015,"02",2015-04-08,8875,2028,1,16.3,0,7.5,NA,NA,4.0272,0.0333,30,0,0.2667,0.1,0,0.0667,0.5666
"112","dpz82f",2016,"05",2015-04-08,8875,2028,2,16.1,0,6.7,NA,NA,4.0272,0.0333,30,0,0.2667,0.1,0,0.0667,0.5666
"113","dpz82f",2013,"12",2015-04-08,8875,2028,2,NA,17,17.1,NA,NA,4.0272,0.0333,30,0,0.2667,0.1,0,0.0667,0.5666
"114","dpz82f",2012,"05",2015-04-08,8875,2028,5,15.5,0,15.4,NA,NA,4.0272,0.0333,30,0,0.2667,0.1,0,0.0667,0.5666
"115","dpz82f",2015,"09",2015-04-08,8875,2028,2,14.3,0,16.6,NA,NA,4.0272,0.0333,30,0,0.2667,0.1,0,0.0667,0.5666
"116","dpz82g",2016,"11",2017-01-14,7251,3612,4,NA,0,21,NA,NA,2.6544,0.1429,14,0,0.1429,0.1429,0.1429,0,0.5713
"117","dpz82g",2008,"06",2017-01-14,7251,3612,3,15.5,0,28.3,NA,NA,2.6544,0.1429,14,0,0.1429,0.1429,0.1429,0,0.5713
"118","dpz82g",2007,"06",2017-01-14,7251,3612,3,16.5,0,10.3,NA,NA,2.6544,0.1429,14,0,0.1429,0.1429,0.1429,0,0.5713
"119","dpz82g",2013,"10",2017-01-14,7251,3612,2,NA,0,16.3,NA,NA,2.6544,0.1429,14,0,0.1429,0.1429,0.1429,0,0.5713
"120","dpz82g",2014,"11",2017-01-14,7251,3612,3,NA,0,16.1,NA,NA,2.6544,0.1429,14,0,0.1429,0.1429,0.1429,0,0.5713
"121","dpz82k",NA,NA,NA,NA,NA,NA,NA,NA,NA,NA,NA,0.7687,0.2085,398,0.0606,0.1389,0.2904,0.0354,0.0707,0.404
"122","dpz82s",NA,NA,NA,NA,NA,NA,NA,NA,NA,NA,NA,1.3811,0.0952,63,0,0.0317,0.6825,0,0,0.2858
"123","dpz82u",NA,NA,NA,NA,NA,NA,NA,NA,NA,NA,NA,1.4676,0.0179,56,0,0.25,0.2143,0.0893,0.1607,0.2857
"124","dpz830",2013,"01",2016-09-17,12726,830,3,15.5,14,28.3,0.0313,7,2.7229,0.0769,13,0,0.0769,0.4615,0.1538,0.2308,0.077
"125","dpz830",2008,"09",2016-09-17,12726,830,1,13.2,0,18.5,0.0313,7,2.7229,0.0769,13,0,0.0769,0.4615,0.1538,0.2308,0.077
"126","dpz830",2015,"05",2016-09-17,12726,830,2,16.1,0,22.5,0.0313,7,2.7229,0.0769,13,0,0.0769,0.4615,0.1538,0.2308,0.077
"127","dpz830",2016,"01",2016-09-17,12726,830,12,NA,4,27.1,0.0313,7,2.7229,0.0769,13,0,0.0769,0.4615,0.1538,0.2308,0.077
"128","dpz830",2015,"10",2016-09-17,12726,830,2,15.6,0,58.3,0.0313,7,2.7229,0.0769,13,0,0.0769,0.4615,0.1538,0.2308,0.077
"129","dpz831",2016,"12",2017-06-14,6802,9439,2,NA,22,13.9,0.0505,9,1.9686,0.2467,600,0.0067,0.2228,0.1725,0.0385,0.0436,0.5159
"130","dpz831",2010,"02",2017-06-14,6802,9439,2,9.8,0,7.8,0.0505,9,1.9686,0.2467,600,0.0067,0.2228,0.1725,0.0385,0.0436,0.5159
"131","dpz831",2014,"03",2017-06-14,6802,9439,2,18.9,22,11.8,0.0505,9,1.9686,0.2467,600,0.0067,0.2228,0.1725,0.0385,0.0436,0.5159
"132","dpz831",2016,"01",2017-06-14,6802,9439,2,NA,4,27.1,0.0505,9,1.9686,0.2467,600,0.0067,0.2228,0.1725,0.0385,0.0436,0.5159
"133","dpz831",2012,"02",2017-06-14,6802,9439,2,9.7,0,12,0.0505,9,1.9686,0.2467,600,0.0067,0.2228,0.1725,0.0385,0.0436,0.5159
"134","dpz831",2013,"02",2017-06-14,6802,9439,5,14.9,26,30.4,0.0505,9,1.9686,0.2467,600,0.0067,0.2228,0.1725,0.0385,0.0436,0.5159
"135","dpz831",2013,"05",2017-06-14,6802,9439,3,18.6,0,40.9,0.0505,9,1.9686,0.2467,600,0.0067,0.2228,0.1725,0.0385,0.0436,0.5159
"136","dpz831",2012,"07",2017-06-14,6802,9439,2,14.3,0,33.4,0.0505,9,1.9686,0.2467,600,0.0067,0.2228,0.1725,0.0385,0.0436,0.5159
"137","dpz831",2012,"11",2017-06-14,6802,9439,3,14.2,0,5.5,0.0505,9,1.9686,0.2467,600,0.0067,0.2228,0.1725,0.0385,0.0436,0.5159
"138","dpz831",2008,"06",2017-06-14,6802,9439,2,15.5,0,28.3,0.0505,9,1.9686,0.2467,600,0.0067,0.2228,0.1725,0.0385,0.0436,0.5159
"139","dpz831",2007,"11",2017-06-14,6802,9439,3,10.3,0,31.1,0.0505,9,1.9686,0.2467,600,0.0067,0.2228,0.1725,0.0385,0.0436,0.5159
"140","dpz831",2007,"10",2017-06-14,6802,9439,13,14.2,0,21.7,0.0505,9,1.9686,0.2467,600,0.0067,0.2228,0.1725,0.0385,0.0436,0.5159
"141","dpz831",2011,"08",2017-06-14,6802,9439,3,13.5,0,20.4,0.0505,9,1.9686,0.2467,600,0.0067,0.2228,0.1725,0.0385,0.0436,0.5159
"142","dpz831",2007,"07",2017-06-14,6802,9439,3,14,0,61.1,0.0505,9,1.9686,0.2467,600,0.0067,0.2228,0.1725,0.0385,0.0436,0.5159
"143","dpz831",2011,"01",2017-06-14,6802,9439,2,14.3,0,9.2,0.0505,9,1.9686,0.2467,600,0.0067,0.2228,0.1725,0.0385,0.0436,0.5159
"144","dpz831",2013,"09",2017-06-14,6802,9439,2,13.3,0,23.9,0.0505,9,1.9686,0.2467,600,0.0067,0.2228,0.1725,0.0385,0.0436,0.5159
"145","dpz831",2015,"02",2017-06-14,6802,9439,3,16.3,0,7.5,0.0505,9,1.9686,0.2467,600,0.0067,0.2228,0.1725,0.0385,0.0436,0.5159
"146","dpz831",2011,"11",2017-06-14,6802,9439,6,12.8,0,47,0.0505,9,1.9686,0.2467,600,0.0067,0.2228,0.1725,0.0385,0.0436,0.5159
"147","dpz831",2009,"09",2017-06-14,6802,9439,3,13.1,0,12.6,0.0505,9,1.9686,0.2467,600,0.0067,0.2228,0.1725,0.0385,0.0436,0.5159
"148","dpz831",2009,"10",2017-06-14,6802,9439,3,12.3,0,21.1,0.0505,9,1.9686,0.2467,600,0.0067,0.2228,0.1725,0.0385,0.0436,0.5159
"149","dpz831",2016,"05",2017-06-14,6802,9439,2,16.1,0,6.7,0.0505,9,1.9686,0.2467,600,0.0067,0.2228,0.1725,0.0385,0.0436,0.5159
"150","dpz831",2016,"07",2017-06-14,6802,9439,2,14.3,0,16.4,0.0505,9,1.9686,0.2467,600,0.0067,0.2228,0.1725,0.0385,0.0436,0.5159
"151","dpz832",2010,"09",2016-09-17,19268,4619,4,13.2,0,26.9,0.0309,15,3.4749,0.0067,149,0.047,0.1409,0.2081,0.0738,0.1409,0.3893
"152","dpz832",2011,"08",2016-09-17,19268,4619,4,13.5,0,20.4,0.0309,15,3.4749,0.0067,149,0.047,0.1409,0.2081,0.0738,0.1409,0.3893
"153","dpz832",2014,"05",2016-09-17,19268,4619,7,13.9,0,14.4,0.0309,15,3.4749,0.0067,149,0.047,0.1409,0.2081,0.0738,0.1409,0.3893
"154","dpz832",2009,"07",2016-09-17,19268,4619,2,12.6,0,32.8,0.0309,15,3.4749,0.0067,149,0.047,0.1409,0.2081,0.0738,0.1409,0.3893
"155","dpz832",2017,"01",2016-09-17,19268,4619,2,11.4,3,18.3,0.0309,15,3.4749,0.0067,149,0.047,0.1409,0.2081,0.0738,0.1409,0.3893
"156","dpz832",2016,"08",2016-09-17,19268,4619,3,NA,0,19.2,0.0309,15,3.4749,0.0067,149,0.047,0.1409,0.2081,0.0738,0.1409,0.3893
"157","dpz832",2011,"07",2016-09-17,19268,4619,3,13.4,0,11.7,0.0309,15,3.4749,0.0067,149,0.047,0.1409,0.2081,0.0738,0.1409,0.3893
"158","dpz832",2016,"06",2016-09-17,19268,4619,3,NA,0,17.8,0.0309,15,3.4749,0.0067,149,0.047,0.1409,0.2081,0.0738,0.1409,0.3893
"159","dpz832",2017,"07",2016-09-17,19268,4619,2,12.8,0,27,0.0309,15,3.4749,0.0067,149,0.047,0.1409,0.2081,0.0738,0.1409,0.3893
"160","dpz833",2010,"06",2017-06-21,15189,17689,4,13.2,0,44.9,0.0777,5,2.6412,0.0222,45,0,0.0667,0.1556,0.0889,0.3556,0.3332
"161","dpz833",2015,"12",2017-06-21,15189,17689,2,NA,5,18.9,0.0777,5,2.6412,0.0222,45,0,0.0667,0.1556,0.0889,0.3556,0.3332
"162","dpz833",2014,"10",2017-06-21,15189,17689,2,10.7,0,21.1,0.0777,5,2.6412,0.0222,45,0,0.0667,0.1556,0.0889,0.3556,0.3332
"163","dpz833",2015,"10",2017-06-21,15189,17689,2,15.6,0,58.3,0.0777,5,2.6412,0.0222,45,0,0.0667,0.1556,0.0889,0.3556,0.3332
"164","dpz833",2012,"03",2017-06-21,15189,17689,3,15.4,0,6.2,0.0777,5,2.6412,0.0222,45,0,0.0667,0.1556,0.0889,0.3556,0.3332
"165","dpz833",2011,"09",2017-06-21,15189,17689,2,13.7,0,28.9,0.0777,5,2.6412,0.0222,45,0,0.0667,0.1556,0.0889,0.3556,0.3332
"166","dpz833",2009,"06",2017-06-21,15189,17689,3,12,0,22.6,0.0777,5,2.6412,0.0222,45,0,0.0667,0.1556,0.0889,0.3556,0.3332
"167","dpz833",2012,"06",2017-06-21,15189,17689,2,16.3,0,45.5,0.0777,5,2.6412,0.0222,45,0,0.0667,0.1556,0.0889,0.3556,0.3332
"168","dpz833",2012,"08",2017-06-21,15189,17689,4,13.3,0,29.7,0.0777,5,2.6412,0.0222,45,0,0.0667,0.1556,0.0889,0.3556,0.3332
"169","dpz833",2009,"07",2017-06-21,15189,17689,4,12.6,0,32.8,0.0777,5,2.6412,0.0222,45,0,0.0667,0.1556,0.0889,0.3556,0.3332
"170","dpz833",2010,"10",2017-06-21,15189,17689,2,14.9,0,17.7,0.0777,5,2.6412,0.0222,45,0,0.0667,0.1556,0.0889,0.3556,0.3332
"171","dpz833",2012,"05",2017-06-21,15189,17689,9,15.5,0,15.4,0.0777,5,2.6412,0.0222,45,0,0.0667,0.1556,0.0889,0.3556,0.3332
"172","dpz833",2012,"09",2017-06-21,15189,17689,6,13.3,0,42.1,0.0777,5,2.6412,0.0222,45,0,0.0667,0.1556,0.0889,0.3556,0.3332
"173","dpz833",2007,"11",2017-06-21,15189,17689,2,10.3,0,31.1,0.0777,5,2.6412,0.0222,45,0,0.0667,0.1556,0.0889,0.3556,0.3332
"174","dpz833",2016,"06",2017-06-21,15189,17689,2,NA,0,17.8,0.0777,5,2.6412,0.0222,45,0,0.0667,0.1556,0.0889,0.3556,0.3332
"175","dpz833",2011,"12",2017-06-21,15189,17689,2,12.2,0,16.1,0.0777,5,2.6412,0.0222,45,0,0.0667,0.1556,0.0889,0.3556,0.3332
"176","dpz833",2007,"09",2017-06-21,15189,17689,3,15,0,9.8,0.0777,5,2.6412,0.0222,45,0,0.0667,0.1556,0.0889,0.3556,0.3332
"177","dpz833",2013,"07",2017-06-21,15189,17689,2,NA,0,96.8,0.0777,5,2.6412,0.0222,45,0,0.0667,0.1556,0.0889,0.3556,0.3332
"178","dpz833",2013,"06",2017-06-21,15189,17689,4,12.7,0,26.7,0.0777,5,2.6412,0.0222,45,0,0.0667,0.1556,0.0889,0.3556,0.3332
"179","dpz833",2008,"11",2017-06-21,15189,17689,2,9.7,4,31,0.0777,5,2.6412,0.0222,45,0,0.0667,0.1556,0.0889,0.3556,0.3332
"180","dpz834",2011,"07",2015-04-11,15414,10194,2,13.4,0,11.7,NA,NA,1.5419,0.3171,41,0,0.0488,0.6829,0.0244,0,0.2439
"181","dpz834",2011,"08",2015-04-11,15414,10194,3,13.5,0,20.4,NA,NA,1.5419,0.3171,41,0,0.0488,0.6829,0.0244,0,0.2439
"182","dpz834",2010,"08",2015-04-11,15414,10194,3,13.3,0,36.3,NA,NA,1.5419,0.3171,41,0,0.0488,0.6829,0.0244,0,0.2439
"183","dpz834",2008,"07",2015-04-11,15414,10194,2,12.7,0,52.1,NA,NA,1.5419,0.3171,41,0,0.0488,0.6829,0.0244,0,0.2439
"184","dpz834",2007,"08",2015-04-11,15414,10194,3,14,0,10.9,NA,NA,1.5419,0.3171,41,0,0.0488,0.6829,0.0244,0,0.2439
"185","dpz834",2014,"04",2015-04-11,15414,10194,2,NA,0,32.1,NA,NA,1.5419,0.3171,41,0,0.0488,0.6829,0.0244,0,0.2439
"186","dpz834",2016,"01",2015-04-11,15414,10194,6,NA,4,27.1,NA,NA,1.5419,0.3171,41,0,0.0488,0.6829,0.0244,0,0.2439
"187","dpz834",2014,"05",2015-04-11,15414,10194,4,13.9,0,14.4,NA,NA,1.5419,0.3171,41,0,0.0488,0.6829,0.0244,0,0.2439
"188","dpz834",2012,"12",2015-04-11,15414,10194,2,NA,15,13.7,NA,NA,1.5419,0.3171,41,0,0.0488,0.6829,0.0244,0,0.2439
"189","dpz834",2011,"11",2015-04-11,15414,10194,2,12.8,0,47,NA,NA,1.5419,0.3171,41,0,0.0488,0.6829,0.0244,0,0.2439
"190","dpz834",2013,"06",2015-04-11,15414,10194,5,12.7,0,26.7,NA,NA,1.5419,0.3171,41,0,0.0488,0.6829,0.0244,0,0.2439
"191","dpz835",2017,"02",2017-01-17,9614,3907,3,14,17,14.9,0.0246,7,2.8918,0.0417,24,0,0.4167,0.0833,0.0417,0.0417,0.4166
"192","dpz835",2009,"01",2017-01-17,9614,3907,3,16.1,35,14.6,0.0246,7,2.8918,0.0417,24,0,0.4167,0.0833,0.0417,0.0417,0.4166
"193","dpz835",2010,"07",2017-01-17,9614,3907,3,13.3,0,34.6,0.0246,7,2.8918,0.0417,24,0,0.4167,0.0833,0.0417,0.0417,0.4166
"194","dpz835",2007,"10",2017-01-17,9614,3907,4,14.2,0,21.7,0.0246,7,2.8918,0.0417,24,0,0.4167,0.0833,0.0417,0.0417,0.4166
"195","dpz835",2013,"10",2017-01-17,9614,3907,2,NA,0,16.3,0.0246,7,2.8918,0.0417,24,0,0.4167,0.0833,0.0417,0.0417,0.4166
"196","dpz835",2008,"06",2017-01-17,9614,3907,3,15.5,0,28.3,0.0246,7,2.8918,0.0417,24,0,0.4167,0.0833,0.0417,0.0417,0.4166
"197","dpz835",2015,"01",2017-01-17,9614,3907,2,NA,0,12.3,0.0246,7,2.8918,0.0417,24,0,0.4167,0.0833,0.0417,0.0417,0.4166
"198","dpz835",2011,"12",2017-01-17,9614,3907,3,12.2,0,16.1,0.0246,7,2.8918,0.0417,24,0,0.4167,0.0833,0.0417,0.0417,0.4166
"199","dpz835",2007,"03",2017-01-17,9614,3907,5,15.2,16,15.2,0.0246,7,2.8918,0.0417,24,0,0.4167,0.0833,0.0417,0.0417,0.4166
"200","dpz835",2012,"06",2017-01-17,9614,3907,2,16.3,0,45.5,0.0246,7,2.8918,0.0417,24,0,0.4167,0.0833,0.0417,0.0417,0.4166
"201","dpz835",2008,"11",2017-01-17,9614,3907,2,9.7,4,31,0.0246,7,2.8918,0.0417,24,0,0.4167,0.0833,0.0417,0.0417,0.4166
"202","dpz835",2010,"01",2017-01-17,9614,3907,3,11.8,0,11.3,0.0246,7,2.8918,0.0417,24,0,0.4167,0.0833,0.0417,0.0417,0.4166
"203","dpz835",2008,"10",2017-01-17,9614,3907,4,13.1,0,7.7,0.0246,7,2.8918,0.0417,24,0,0.4167,0.0833,0.0417,0.0417,0.4166
"204","dpz835",2016,"03",2017-01-17,9614,3907,3,16,13,24.7,0.0246,7,2.8918,0.0417,24,0,0.4167,0.0833,0.0417,0.0417,0.4166
"205","dpz835",2010,"04",2017-01-17,9614,3907,2,16.4,0,15.2,0.0246,7,2.8918,0.0417,24,0,0.4167,0.0833,0.0417,0.0417,0.4166
"206","dpz835",2012,"03",2017-01-17,9614,3907,3,15.4,0,6.2,0.0246,7,2.8918,0.0417,24,0,0.4167,0.0833,0.0417,0.0417,0.4166
"207","dpz835",2013,"08",2017-01-17,9614,3907,2,11.8,0,38.6,0.0246,7,2.8918,0.0417,24,0,0.4167,0.0833,0.0417,0.0417,0.4166
"208","dpz835",2010,"11",2017-01-17,9614,3907,3,12.6,0,29.7,0.0246,7,2.8918,0.0417,24,0,0.4167,0.0833,0.0417,0.0417,0.4166
"209","dpz835",2013,"05",2017-01-17,9614,3907,2,18.6,0,40.9,0.0246,7,2.8918,0.0417,24,0,0.4167,0.0833,0.0417,0.0417,0.4166
"210","dpz835",2011,"10",2017-01-17,9614,3907,2,12.5,0,27.9,0.0246,7,2.8918,0.0417,24,0,0.4167,0.0833,0.0417,0.0417,0.4166
"211","dpz835",2015,"10",2017-01-17,9614,3907,2,15.6,0,58.3,0.0246,7,2.8918,0.0417,24,0,0.4167,0.0833,0.0417,0.0417,0.4166
"212","dpz835",2012,"09",2017-01-17,9614,3907,3,13.3,0,42.1,0.0246,7,2.8918,0.0417,24,0,0.4167,0.0833,0.0417,0.0417,0.4166
"213","dpz835",2015,"07",2017-01-17,9614,3907,2,13.4,0,10.6,0.0246,7,2.8918,0.0417,24,0,0.4167,0.0833,0.0417,0.0417,0.4166
"214","dpz835",2008,"07",2017-01-17,9614,3907,2,12.7,0,52.1,0.0246,7,2.8918,0.0417,24,0,0.4167,0.0833,0.0417,0.0417,0.4166
"215","dpz835",2017,"08",2017-01-17,9614,3907,2,11.9,0,8.5,0.0246,7,2.8918,0.0417,24,0,0.4167,0.0833,0.0417,0.0417,0.4166
"216","dpz835",2007,"07",2017-01-17,9614,3907,2,14,0,61.1,0.0246,7,2.8918,0.0417,24,0,0.4167,0.0833,0.0417,0.0417,0.4166
"217","dpz836",2008,"12",2017-06-14,8832,11307,3,16,31,15,0.041,8,1.8195,0.0345,58,0.0862,0.2414,0.0517,0.0517,0.0517,0.5173
"218","dpz836",2011,"03",2017-06-14,8832,11307,2,14.4,0,32.4,0.041,8,1.8195,0.0345,58,0.0862,0.2414,0.0517,0.0517,0.0517,0.5173
"219","dpz836",2007,"02",2017-06-14,8832,11307,3,16,20,5.6,0.041,8,1.8195,0.0345,58,0.0862,0.2414,0.0517,0.0517,0.0517,0.5173
"220","dpz836",2013,"06",2017-06-14,8832,11307,3,12.7,0,26.7,0.041,8,1.8195,0.0345,58,0.0862,0.2414,0.0517,0.0517,0.0517,0.5173
"221","dpz836",2009,"10",2017-06-14,8832,11307,5,12.3,0,21.1,0.041,8,1.8195,0.0345,58,0.0862,0.2414,0.0517,0.0517,0.0517,0.5173
"222","dpz836",2012,"03",2017-06-14,8832,11307,2,15.4,0,6.2,0.041,8,1.8195,0.0345,58,0.0862,0.2414,0.0517,0.0517,0.0517,0.5173
"223","dpz836",2012,"06",2017-06-14,8832,11307,2,16.3,0,45.5,0.041,8,1.8195,0.0345,58,0.0862,0.2414,0.0517,0.0517,0.0517,0.5173
"224","dpz836",2009,"07",2017-06-14,8832,11307,2,12.6,0,32.8,0.041,8,1.8195,0.0345,58,0.0862,0.2414,0.0517,0.0517,0.0517,0.5173
"225","dpz836",2017,"08",2017-06-14,8832,11307,2,11.9,0,8.5,0.041,8,1.8195,0.0345,58,0.0862,0.2414,0.0517,0.0517,0.0517,0.5173
"226","dpz836",2008,"07",2017-06-14,8832,11307,3,12.7,0,52.1,0.041,8,1.8195,0.0345,58,0.0862,0.2414,0.0517,0.0517,0.0517,0.5173
"227","dpz836",2010,"09",2017-06-14,8832,11307,2,13.2,0,26.9,0.041,8,1.8195,0.0345,58,0.0862,0.2414,0.0517,0.0517,0.0517,0.5173
"228","dpz836",2015,"06",2017-06-14,8832,11307,3,13.9,0,33.3,0.041,8,1.8195,0.0345,58,0.0862,0.2414,0.0517,0.0517,0.0517,0.5173
"229","dpz836",2017,"06",2017-06-14,8832,11307,2,NA,0,33.1,0.041,8,1.8195,0.0345,58,0.0862,0.2414,0.0517,0.0517,0.0517,0.5173
"230","dpz836",2017,"09",2017-06-14,8832,11307,2,14.8,0,7.7,0.041,8,1.8195,0.0345,58,0.0862,0.2414,0.0517,0.0517,0.0517,0.5173
"231","dpz836",2010,"08",2017-06-14,8832,11307,2,13.3,0,36.3,0.041,8,1.8195,0.0345,58,0.0862,0.2414,0.0517,0.0517,0.0517,0.5173
"232","dpz836",2011,"11",2017-06-14,8832,11307,2,12.8,0,47,0.041,8,1.8195,0.0345,58,0.0862,0.2414,0.0517,0.0517,0.0517,0.5173
"233","dpz837",2017,"04",2017-01-18,25653,9081,3,NA,0,26.9,0.04,15,1.7618,0.0364,55,0,0.2182,0.1091,0.0545,0.2545,0.3637
"234","dpz837",2016,"07",2017-01-18,25653,9081,2,14.3,0,16.4,0.04,15,1.7618,0.0364,55,0,0.2182,0.1091,0.0545,0.2545,0.3637
"235","dpz837",2009,"09",2017-01-18,25653,9081,3,13.1,0,12.6,0.04,15,1.7618,0.0364,55,0,0.2182,0.1091,0.0545,0.2545,0.3637
"236","dpz837",2013,"10",2017-01-18,25653,9081,2,NA,0,16.3,0.04,15,1.7618,0.0364,55,0,0.2182,0.1091,0.0545,0.2545,0.3637
"237","dpz837",2011,"11",2017-01-18,25653,9081,3,12.8,0,47,0.04,15,1.7618,0.0364,55,0,0.2182,0.1091,0.0545,0.2545,0.3637
"238","dpz837",2010,"06",2017-01-18,25653,9081,2,13.2,0,44.9,0.04,15,1.7618,0.0364,55,0,0.2182,0.1091,0.0545,0.2545,0.3637
"239","dpz837",2012,"12",2017-01-18,25653,9081,4,NA,15,13.7,0.04,15,1.7618,0.0364,55,0,0.2182,0.1091,0.0545,0.2545,0.3637
"240","dpz837",2010,"01",2017-01-18,25653,9081,2,11.8,0,11.3,0.04,15,1.7618,0.0364,55,0,0.2182,0.1091,0.0545,0.2545,0.3637
"241","dpz837",2012,"06",2017-01-18,25653,9081,2,16.3,0,45.5,0.04,15,1.7618,0.0364,55,0,0.2182,0.1091,0.0545,0.2545,0.3637
"242","dpz837",2007,"07",2017-01-18,25653,9081,9,14,0,61.1,0.04,15,1.7618,0.0364,55,0,0.2182,0.1091,0.0545,0.2545,0.3637
"243","dpz837",2009,"03",2017-01-18,25653,9081,4,13.4,4,23.9,0.04,15,1.7618,0.0364,55,0,0.2182,0.1091,0.0545,0.2545,0.3637
"244","dpz837",2010,"10",2017-01-18,25653,9081,5,14.9,0,17.7,0.04,15,1.7618,0.0364,55,0,0.2182,0.1091,0.0545,0.2545,0.3637
"245","dpz837",2008,"09",2017-01-18,25653,9081,2,13.2,0,18.5,0.04,15,1.7618,0.0364,55,0,0.2182,0.1091,0.0545,0.2545,0.3637
"246","dpz837",2010,"04",2017-01-18,25653,9081,2,16.4,0,15.2,0.04,15,1.7618,0.0364,55,0,0.2182,0.1091,0.0545,0.2545,0.3637
"247","dpz837",2007,"09",2017-01-18,25653,9081,6,15,0,9.8,0.04,15,1.7618,0.0364,55,0,0.2182,0.1091,0.0545,0.2545,0.3637
"248","dpz837",2013,"11",2017-01-18,25653,9081,2,12,1,7.4,0.04,15,1.7618,0.0364,55,0,0.2182,0.1091,0.0545,0.2545,0.3637
"249","dpz837",2017,"10",2017-01-18,25653,9081,4,NA,0,12.5,0.04,15,1.7618,0.0364,55,0,0.2182,0.1091,0.0545,0.2545,0.3637
"250","dpz837",2009,"11",2017-01-18,25653,9081,2,10.5,0,9.8,0.04,15,1.7618,0.0364,55,0,0.2182,0.1091,0.0545,0.2545,0.3637
"251","dpz837",2008,"08",2017-01-18,25653,9081,6,12.5,0,24.2,0.04,15,1.7618,0.0364,55,0,0.2182,0.1091,0.0545,0.2545,0.3637
"252","dpz838",2016,"12",2017-07-19,11043,12772,2,NA,22,13.9,0.031,3,3.5516,0.0435,23,0.0435,0.4348,0.087,0,0.2174,0.2173
"253","dpz838",2010,"11",2017-07-19,11043,12772,4,12.6,0,29.7,0.031,3,3.5516,0.0435,23,0.0435,0.4348,0.087,0,0.2174,0.2173
"254","dpz838",2010,"05",2017-07-19,11043,12772,4,NA,0,5.6,0.031,3,3.5516,0.0435,23,0.0435,0.4348,0.087,0,0.2174,0.2173
"255","dpz838",2012,"12",2017-07-19,11043,12772,2,NA,15,13.7,0.031,3,3.5516,0.0435,23,0.0435,0.4348,0.087,0,0.2174,0.2173
"256","dpz838",2014,"05",2017-07-19,11043,12772,2,13.9,0,14.4,0.031,3,3.5516,0.0435,23,0.0435,0.4348,0.087,0,0.2174,0.2173
"257","dpz838",2017,"11",2017-07-19,11043,12772,3,NA,0,17.8,0.031,3,3.5516,0.0435,23,0.0435,0.4348,0.087,0,0.2174,0.2173
"258","dpz838",2008,"04",2017-07-19,11043,12772,4,16.8,0,22,0.031,3,3.5516,0.0435,23,0.0435,0.4348,0.087,0,0.2174,0.2173
"259","dpz838",2013,"06",2017-07-19,11043,12772,5,12.7,0,26.7,0.031,3,3.5516,0.0435,23,0.0435,0.4348,0.087,0,0.2174,0.2173
"260","dpz838",2013,"05",2017-07-19,11043,12772,2,18.6,0,40.9,0.031,3,3.5516,0.0435,23,0.0435,0.4348,0.087,0,0.2174,0.2173
"261","dpz838",2016,"09",2017-07-19,11043,12772,2,NA,0,29.3,0.031,3,3.5516,0.0435,23,0.0435,0.4348,0.087,0,0.2174,0.2173
"262","dpz838",2011,"07",2017-07-19,11043,12772,3,13.4,0,11.7,0.031,3,3.5516,0.0435,23,0.0435,0.4348,0.087,0,0.2174,0.2173
"263","dpz838",2009,"04",2017-07-19,11043,12772,3,18.9,0,34.9,0.031,3,3.5516,0.0435,23,0.0435,0.4348,0.087,0,0.2174,0.2173
"264","dpz838",2014,"02",2017-07-19,11043,12772,4,11.8,30,14.1,0.031,3,3.5516,0.0435,23,0.0435,0.4348,0.087,0,0.2174,0.2173
"265","dpz838",2014,"03",2017-07-19,11043,12772,3,18.9,22,11.8,0.031,3,3.5516,0.0435,23,0.0435,0.4348,0.087,0,0.2174,0.2173
"266","dpz838",2008,"03",2017-07-19,11043,12772,3,11,36,17.1,0.031,3,3.5516,0.0435,23,0.0435,0.4348,0.087,0,0.2174,0.2173
"267","dpz838",2007,"09",2017-07-19,11043,12772,2,15,0,9.8,0.031,3,3.5516,0.0435,23,0.0435,0.4348,0.087,0,0.2174,0.2173
"268","dpz838",2013,"07",2017-07-19,11043,12772,12,NA,0,96.8,0.031,3,3.5516,0.0435,23,0.0435,0.4348,0.087,0,0.2174,0.2173
"269","dpz838",2013,"01",2017-07-19,11043,12772,5,15.5,14,28.3,0.031,3,3.5516,0.0435,23,0.0435,0.4348,0.087,0,0.2174,0.2173
"270","dpz839",2013,"11",2017-06-21,5575,32338,4,12,1,7.4,0.0548,4,2.1835,0.0517,58,0.0172,0.069,0.2069,0.0517,0.2069,0.4483
"271","dpz839",2013,"02",2017-06-21,5575,32338,2,14.9,26,30.4,0.0548,4,2.1835,0.0517,58,0.0172,0.069,0.2069,0.0517,0.2069,0.4483
"272","dpz839",2017,"01",2017-06-21,5575,32338,3,11.4,3,18.3,0.0548,4,2.1835,0.0517,58,0.0172,0.069,0.2069,0.0517,0.2069,0.4483
"273","dpz839",2015,"05",2017-06-21,5575,32338,3,16.1,0,22.5,0.0548,4,2.1835,0.0517,58,0.0172,0.069,0.2069,0.0517,0.2069,0.4483
"274","dpz839",2013,"10",2017-06-21,5575,32338,3,NA,0,16.3,0.0548,4,2.1835,0.0517,58,0.0172,0.069,0.2069,0.0517,0.2069,0.4483
"275","dpz839",2016,"06",2017-06-21,5575,32338,2,NA,0,17.8,0.0548,4,2.1835,0.0517,58,0.0172,0.069,0.2069,0.0517,0.2069,0.4483
"276","dpz839",2010,"04",2017-06-21,5575,32338,3,16.4,0,15.2,0.0548,4,2.1835,0.0517,58,0.0172,0.069,0.2069,0.0517,0.2069,0.4483
"277","dpz839",2010,"07",2017-06-21,5575,32338,3,13.3,0,34.6,0.0548,4,2.1835,0.0517,58,0.0172,0.069,0.2069,0.0517,0.2069,0.4483
"278","dpz839",2011,"12",2017-06-21,5575,32338,4,12.2,0,16.1,0.0548,4,2.1835,0.0517,58,0.0172,0.069,0.2069,0.0517,0.2069,0.4483
"279","dpz839",2011,"08",2017-06-21,5575,32338,3,13.5,0,20.4,0.0548,4,2.1835,0.0517,58,0.0172,0.069,0.2069,0.0517,0.2069,0.4483
"280","dpz839",2008,"07",2017-06-21,5575,32338,2,12.7,0,52.1,0.0548,4,2.1835,0.0517,58,0.0172,0.069,0.2069,0.0517,0.2069,0.4483
"281","dpz839",2013,"06",2017-06-21,5575,32338,4,12.7,0,26.7,0.0548,4,2.1835,0.0517,58,0.0172,0.069,0.2069,0.0517,0.2069,0.4483
"282","dpz839",2012,"09",2017-06-21,5575,32338,3,13.3,0,42.1,0.0548,4,2.1835,0.0517,58,0.0172,0.069,0.2069,0.0517,0.2069,0.4483
"283","dpz839",2016,"08",2017-06-21,5575,32338,2,NA,0,19.2,0.0548,4,2.1835,0.0517,58,0.0172,0.069,0.2069,0.0517,0.2069,0.4483
"284","dpz839",2016,"03",2017-06-21,5575,32338,10,16,13,24.7,0.0548,4,2.1835,0.0517,58,0.0172,0.069,0.2069,0.0517,0.2069,0.4483
"285","dpz839",2008,"03",2017-06-21,5575,32338,2,11,36,17.1,0.0548,4,2.1835,0.0517,58,0.0172,0.069,0.2069,0.0517,0.2069,0.4483
"286","dpz839",2009,"11",2017-06-21,5575,32338,2,10.5,0,9.8,0.0548,4,2.1835,0.0517,58,0.0172,0.069,0.2069,0.0517,0.2069,0.4483
"287","dpz839",2007,"12",2017-06-21,5575,32338,2,12.7,25,23.7,0.0548,4,2.1835,0.0517,58,0.0172,0.069,0.2069,0.0517,0.2069,0.4483
"288","dpz839",2007,"11",2017-06-21,5575,32338,2,10.3,0,31.1,0.0548,4,2.1835,0.0517,58,0.0172,0.069,0.2069,0.0517,0.2069,0.4483
"289","dpz839",2007,"04",2017-06-21,5575,32338,2,13.2,0,9,0.0548,4,2.1835,0.0517,58,0.0172,0.069,0.2069,0.0517,0.2069,0.4483
"290","dpz839",2009,"03",2017-06-21,5575,32338,2,13.4,4,23.9,0.0548,4,2.1835,0.0517,58,0.0172,0.069,0.2069,0.0517,0.2069,0.4483
"291","dpz839",2017,"08",2017-06-21,5575,32338,2,11.9,0,8.5,0.0548,4,2.1835,0.0517,58,0.0172,0.069,0.2069,0.0517,0.2069,0.4483
"292","dpz839",2010,"05",2017-06-21,5575,32338,5,NA,0,5.6,0.0548,4,2.1835,0.0517,58,0.0172,0.069,0.2069,0.0517,0.2069,0.4483
"293","dpz839",2014,"05",2017-06-21,5575,32338,2,13.9,0,14.4,0.0548,4,2.1835,0.0517,58,0.0172,0.069,0.2069,0.0517,0.2069,0.4483
"294","dpz839",2012,"03",2017-06-21,5575,32338,4,15.4,0,6.2,0.0548,4,2.1835,0.0517,58,0.0172,0.069,0.2069,0.0517,0.2069,0.4483
"295","dpz839",2007,"03",2017-06-21,5575,32338,2,15.2,16,15.2,0.0548,4,2.1835,0.0517,58,0.0172,0.069,0.2069,0.0517,0.2069,0.4483
"296","dpz839",2015,"09",2017-06-21,5575,32338,2,14.3,0,16.6,0.0548,4,2.1835,0.0517,58,0.0172,0.069,0.2069,0.0517,0.2069,0.4483
"297","dpz839",2008,"05",2017-06-21,5575,32338,4,16.9,0,13.1,0.0548,4,2.1835,0.0517,58,0.0172,0.069,0.2069,0.0517,0.2069,0.4483
"298","dpz839",2009,"06",2017-06-21,5575,32338,2,12,0,22.6,0.0548,4,2.1835,0.0517,58,0.0172,0.069,0.2069,0.0517,0.2069,0.4483
"299","dpz83b",NA,NA,2009-04-22,9669,1160,NA,NA,NA,NA,0.0873,6,1.5559,0.1471,34,0.0294,0.4706,0.2059,0.0882,0.0882,0.1177
"300","dpz83c",2013,"07",2018-01-24,6142,717,2,NA,0,96.8,0.1527,20,2.1806,0.2635,148,0.0136,0.0408,0.3197,0.0952,0.2109,0.3198
"301","dpz83c",2009,"09",2018-01-24,6142,717,3,13.1,0,12.6,0.1527,20,2.1806,0.2635,148,0.0136,0.0408,0.3197,0.0952,0.2109,0.3198
"302","dpz83c",2010,"07",2018-01-24,6142,717,3,13.3,0,34.6,0.1527,20,2.1806,0.2635,148,0.0136,0.0408,0.3197,0.0952,0.2109,0.3198
"303","dpz83c",2007,"06",2018-01-24,6142,717,3,16.5,0,10.3,0.1527,20,2.1806,0.2635,148,0.0136,0.0408,0.3197,0.0952,0.2109,0.3198
"304","dpz83c",2015,"04",2018-01-24,6142,717,2,13.1,0,25.6,0.1527,20,2.1806,0.2635,148,0.0136,0.0408,0.3197,0.0952,0.2109,0.3198
"305","dpz83c",2009,"01",2018-01-24,6142,717,4,16.1,35,14.6,0.1527,20,2.1806,0.2635,148,0.0136,0.0408,0.3197,0.0952,0.2109,0.3198
"306","dpz83c",2014,"08",2018-01-24,6142,717,5,NA,0,6.6,0.1527,20,2.1806,0.2635,148,0.0136,0.0408,0.3197,0.0952,0.2109,0.3198
"307","dpz83c",2016,"06",2018-01-24,6142,717,2,NA,0,17.8,0.1527,20,2.1806,0.2635,148,0.0136,0.0408,0.3197,0.0952,0.2109,0.3198
"308","dpz83c",2014,"04",2018-01-24,6142,717,2,NA,0,32.1,0.1527,20,2.1806,0.2635,148,0.0136,0.0408,0.3197,0.0952,0.2109,0.3198
"309","dpz83c",2009,"04",2018-01-24,6142,717,9,18.9,0,34.9,0.1527,20,2.1806,0.2635,148,0.0136,0.0408,0.3197,0.0952,0.2109,0.3198
"310","dpz83c",2008,"07",2018-01-24,6142,717,3,12.7,0,52.1,0.1527,20,2.1806,0.2635,148,0.0136,0.0408,0.3197,0.0952,0.2109,0.3198
"311","dpz83c",2009,"11",2018-01-24,6142,717,3,10.5,0,9.8,0.1527,20,2.1806,0.2635,148,0.0136,0.0408,0.3197,0.0952,0.2109,0.3198
"312","dpz83c",2012,"12",2018-01-24,6142,717,5,NA,15,13.7,0.1527,20,2.1806,0.2635,148,0.0136,0.0408,0.3197,0.0952,0.2109,0.3198
"313","dpz83c",2014,"03",2018-01-24,6142,717,2,18.9,22,11.8,0.1527,20,2.1806,0.2635,148,0.0136,0.0408,0.3197,0.0952,0.2109,0.3198
"314","dpz83c",2012,"06",2018-01-24,6142,717,4,16.3,0,45.5,0.1527,20,2.1806,0.2635,148,0.0136,0.0408,0.3197,0.0952,0.2109,0.3198
"315","dpz83c",2009,"02",2018-01-24,6142,717,4,20.4,32,25.6,0.1527,20,2.1806,0.2635,148,0.0136,0.0408,0.3197,0.0952,0.2109,0.3198
"316","dpz83c",2014,"10",2018-01-24,6142,717,4,10.7,0,21.1,0.1527,20,2.1806,0.2635,148,0.0136,0.0408,0.3197,0.0952,0.2109,0.3198
"317","dpz83c",2008,"12",2018-01-24,6142,717,3,16,31,15,0.1527,20,2.1806,0.2635,148,0.0136,0.0408,0.3197,0.0952,0.2109,0.3198
"318","dpz83c",2014,"09",2018-01-24,6142,717,2,14.4,0,27,0.1527,20,2.1806,0.2635,148,0.0136,0.0408,0.3197,0.0952,0.2109,0.3198
"319","dpz83c",2016,"08",2018-01-24,6142,717,4,NA,0,19.2,0.1527,20,2.1806,0.2635,148,0.0136,0.0408,0.3197,0.0952,0.2109,0.3198
"320","dpz83c",2008,"08",2018-01-24,6142,717,5,12.5,0,24.2,0.1527,20,2.1806,0.2635,148,0.0136,0.0408,0.3197,0.0952,0.2109,0.3198
"321","dpz83d",2011,"11",2017-06-15,11767,10589,5,12.8,0,47,0.0637,11,1.6955,0.0294,34,0.0294,0.1471,0.0294,0.0588,0.0882,0.6471
"322","dpz83d",2011,"03",2017-06-15,11767,10589,3,14.4,0,32.4,0.0637,11,1.6955,0.0294,34,0.0294,0.1471,0.0294,0.0588,0.0882,0.6471
"323","dpz83d",2013,"06",2017-06-15,11767,10589,3,12.7,0,26.7,0.0637,11,1.6955,0.0294,34,0.0294,0.1471,0.0294,0.0588,0.0882,0.6471
"324","dpz83d",2015,"07",2017-06-15,11767,10589,7,13.4,0,10.6,0.0637,11,1.6955,0.0294,34,0.0294,0.1471,0.0294,0.0588,0.0882,0.6471
"325","dpz83d",2009,"06",2017-06-15,11767,10589,9,12,0,22.6,0.0637,11,1.6955,0.0294,34,0.0294,0.1471,0.0294,0.0588,0.0882,0.6471
"326","dpz83d",2012,"04",2017-06-15,11767,10589,6,15.3,0,9.3,0.0637,11,1.6955,0.0294,34,0.0294,0.1471,0.0294,0.0588,0.0882,0.6471
"327","dpz83d",2012,"03",2017-06-15,11767,10589,2,15.4,0,6.2,0.0637,11,1.6955,0.0294,34,0.0294,0.1471,0.0294,0.0588,0.0882,0.6471
"328","dpz83d",2016,"05",2017-06-15,11767,10589,2,16.1,0,6.7,0.0637,11,1.6955,0.0294,34,0.0294,0.1471,0.0294,0.0588,0.0882,0.6471
"329","dpz83d",2009,"05",2017-06-15,11767,10589,2,NA,0,15.2,0.0637,11,1.6955,0.0294,34,0.0294,0.1471,0.0294,0.0588,0.0882,0.6471
"330","dpz83d",2011,"12",2017-06-15,11767,10589,3,12.2,0,16.1,0.0637,11,1.6955,0.0294,34,0.0294,0.1471,0.0294,0.0588,0.0882,0.6471
"331","dpz83d",2012,"01",2017-06-15,11767,10589,3,13.2,0,14.2,0.0637,11,1.6955,0.0294,34,0.0294,0.1471,0.0294,0.0588,0.0882,0.6471
"332","dpz83d",2008,"12",2017-06-15,11767,10589,2,16,31,15,0.0637,11,1.6955,0.0294,34,0.0294,0.1471,0.0294,0.0588,0.0882,0.6471
"333","dpz83d",2017,"12",2017-06-15,11767,10589,2,11.3,16,7.2,0.0637,11,1.6955,0.0294,34,0.0294,0.1471,0.0294,0.0588,0.0882,0.6471
"334","dpz83d",2011,"01",2017-06-15,11767,10589,2,14.3,0,9.2,0.0637,11,1.6955,0.0294,34,0.0294,0.1471,0.0294,0.0588,0.0882,0.6471
"335","dpz83d",2014,"05",2017-06-15,11767,10589,3,13.9,0,14.4,0.0637,11,1.6955,0.0294,34,0.0294,0.1471,0.0294,0.0588,0.0882,0.6471
"336","dpz83d",2016,"04",2017-06-15,11767,10589,2,NA,0,7.9,0.0637,11,1.6955,0.0294,34,0.0294,0.1471,0.0294,0.0588,0.0882,0.6471
"337","dpz83d",2012,"11",2017-06-15,11767,10589,6,14.2,0,5.5,0.0637,11,1.6955,0.0294,34,0.0294,0.1471,0.0294,0.0588,0.0882,0.6471
"338","dpz83d",2014,"10",2017-06-15,11767,10589,7,10.7,0,21.1,0.0637,11,1.6955,0.0294,34,0.0294,0.1471,0.0294,0.0588,0.0882,0.6471
"339","dpz83d",2015,"10",2017-06-15,11767,10589,9,15.6,0,58.3,0.0637,11,1.6955,0.0294,34,0.0294,0.1471,0.0294,0.0588,0.0882,0.6471
"340","dpz83d",2017,"02",2017-06-15,11767,10589,6,14,17,14.9,0.0637,11,1.6955,0.0294,34,0.0294,0.1471,0.0294,0.0588,0.0882,0.6471
"341","dpz83d",2010,"07",2017-06-15,11767,10589,5,13.3,0,34.6,0.0637,11,1.6955,0.0294,34,0.0294,0.1471,0.0294,0.0588,0.0882,0.6471
"342","dpz83d",2009,"01",2017-06-15,11767,10589,3,16.1,35,14.6,0.0637,11,1.6955,0.0294,34,0.0294,0.1471,0.0294,0.0588,0.0882,0.6471
"343","dpz83d",2012,"09",2017-06-15,11767,10589,3,13.3,0,42.1,0.0637,11,1.6955,0.0294,34,0.0294,0.1471,0.0294,0.0588,0.0882,0.6471
"344","dpz83d",2009,"10",2017-06-15,11767,10589,4,12.3,0,21.1,0.0637,11,1.6955,0.0294,34,0.0294,0.1471,0.0294,0.0588,0.0882,0.6471
"345","dpz83d",2015,"12",2017-06-15,11767,10589,2,NA,5,18.9,0.0637,11,1.6955,0.0294,34,0.0294,0.1471,0.0294,0.0588,0.0882,0.6471
"346","dpz83d",2007,"11",2017-06-15,11767,10589,2,10.3,0,31.1,0.0637,11,1.6955,0.0294,34,0.0294,0.1471,0.0294,0.0588,0.0882,0.6471
"347","dpz83d",2012,"07",2017-06-15,11767,10589,13,14.3,0,33.4,0.0637,11,1.6955,0.0294,34,0.0294,0.1471,0.0294,0.0588,0.0882,0.6471
"348","dpz83d",2016,"06",2017-06-15,11767,10589,4,NA,0,17.8,0.0637,11,1.6955,0.0294,34,0.0294,0.1471,0.0294,0.0588,0.0882,0.6471
"349","dpz83d",2010,"09",2017-06-15,11767,10589,4,13.2,0,26.9,0.0637,11,1.6955,0.0294,34,0.0294,0.1471,0.0294,0.0588,0.0882,0.6471
"350","dpz83d",2013,"12",2017-06-15,11767,10589,2,NA,17,17.1,0.0637,11,1.6955,0.0294,34,0.0294,0.1471,0.0294,0.0588,0.0882,0.6471
"351","dpz83e",2011,"10",2017-01-18,9443,7916,14,12.5,0,27.9,0.0373,4,2.3766,0.0455,22,0,0.1818,0.0455,0.0455,0.1818,0.5454
"352","dpz83e",2011,"04",2017-01-18,9443,7916,3,18.1,0,21.2,0.0373,4,2.3766,0.0455,22,0,0.1818,0.0455,0.0455,0.1818,0.5454
"353","dpz83e",2013,"04",2017-01-18,9443,7916,3,15.9,0,19.1,0.0373,4,2.3766,0.0455,22,0,0.1818,0.0455,0.0455,0.1818,0.5454
"354","dpz83e",2010,"11",2017-01-18,9443,7916,2,12.6,0,29.7,0.0373,4,2.3766,0.0455,22,0,0.1818,0.0455,0.0455,0.1818,0.5454
"355","dpz83e",2009,"09",2017-01-18,9443,7916,2,13.1,0,12.6,0.0373,4,2.3766,0.0455,22,0,0.1818,0.0455,0.0455,0.1818,0.5454
"356","dpz83e",2008,"10",2017-01-18,9443,7916,9,13.1,0,7.7,0.0373,4,2.3766,0.0455,22,0,0.1818,0.0455,0.0455,0.1818,0.5454
"357","dpz83e",2007,"07",2017-01-18,9443,7916,3,14,0,61.1,0.0373,4,2.3766,0.0455,22,0,0.1818,0.0455,0.0455,0.1818,0.5454
"358","dpz83e",2011,"01",2017-01-18,9443,7916,7,14.3,0,9.2,0.0373,4,2.3766,0.0455,22,0,0.1818,0.0455,0.0455,0.1818,0.5454
"359","dpz83e",2009,"01",2017-01-18,9443,7916,4,16.1,35,14.6,0.0373,4,2.3766,0.0455,22,0,0.1818,0.0455,0.0455,0.1818,0.5454
"360","dpz83e",2009,"12",2017-01-18,9443,7916,3,10.6,0,28.6,0.0373,4,2.3766,0.0455,22,0,0.1818,0.0455,0.0455,0.1818,0.5454
"361","dpz83e",2012,"10",2017-01-18,9443,7916,5,11,0,21,0.0373,4,2.3766,0.0455,22,0,0.1818,0.0455,0.0455,0.1818,0.5454
"362","dpz83e",2017,"05",2017-01-18,9443,7916,2,NA,0,52.9,0.0373,4,2.3766,0.0455,22,0,0.1818,0.0455,0.0455,0.1818,0.5454
"363","dpz83e",2016,"05",2017-01-18,9443,7916,3,16.1,0,6.7,0.0373,4,2.3766,0.0455,22,0,0.1818,0.0455,0.0455,0.1818,0.5454
"364","dpz83e",2012,"07",2017-01-18,9443,7916,3,14.3,0,33.4,0.0373,4,2.3766,0.0455,22,0,0.1818,0.0455,0.0455,0.1818,0.5454
"365","dpz83e",2010,"04",2017-01-18,9443,7916,3,16.4,0,15.2,0.0373,4,2.3766,0.0455,22,0,0.1818,0.0455,0.0455,0.1818,0.5454
"366","dpz83e",2013,"05",2017-01-18,9443,7916,3,18.6,0,40.9,0.0373,4,2.3766,0.0455,22,0,0.1818,0.0455,0.0455,0.1818,0.5454
"367","dpz83e",2017,"06",2017-01-18,9443,7916,2,NA,0,33.1,0.0373,4,2.3766,0.0455,22,0,0.1818,0.0455,0.0455,0.1818,0.5454
"368","dpz83e",2010,"07",2017-01-18,9443,7916,2,13.3,0,34.6,0.0373,4,2.3766,0.0455,22,0,0.1818,0.0455,0.0455,0.1818,0.5454
"369","dpz83e",2011,"03",2017-01-18,9443,7916,2,14.4,0,32.4,0.0373,4,2.3766,0.0455,22,0,0.1818,0.0455,0.0455,0.1818,0.5454
"370","dpz83f",2016,"03",2017-06-21,15662,13535,2,16,13,24.7,0.0566,5,1.2136,0.0625,64,0.0156,0.2344,0.1406,0.25,0.125,0.2344
"371","dpz83f",2007,"06",2017-06-21,15662,13535,8,16.5,0,10.3,0.0566,5,1.2136,0.0625,64,0.0156,0.2344,0.1406,0.25,0.125,0.2344
"372","dpz83f",2016,"12",2017-06-21,15662,13535,3,NA,22,13.9,0.0566,5,1.2136,0.0625,64,0.0156,0.2344,0.1406,0.25,0.125,0.2344
"373","dpz83f",2012,"12",2017-06-21,15662,13535,3,NA,15,13.7,0.0566,5,1.2136,0.0625,64,0.0156,0.2344,0.1406,0.25,0.125,0.2344
"374","dpz83f",2017,"02",2017-06-21,15662,13535,3,14,17,14.9,0.0566,5,1.2136,0.0625,64,0.0156,0.2344,0.1406,0.25,0.125,0.2344
"375","dpz83f",2012,"05",2017-06-21,15662,13535,2,15.5,0,15.4,0.0566,5,1.2136,0.0625,64,0.0156,0.2344,0.1406,0.25,0.125,0.2344
"376","dpz83f",2011,"10",2017-06-21,15662,13535,2,12.5,0,27.9,0.0566,5,1.2136,0.0625,64,0.0156,0.2344,0.1406,0.25,0.125,0.2344
"377","dpz83f",2011,"08",2017-06-21,15662,13535,3,13.5,0,20.4,0.0566,5,1.2136,0.0625,64,0.0156,0.2344,0.1406,0.25,0.125,0.2344
"378","dpz83f",2015,"09",2017-06-21,15662,13535,2,14.3,0,16.6,0.0566,5,1.2136,0.0625,64,0.0156,0.2344,0.1406,0.25,0.125,0.2344
"379","dpz83f",2013,"09",2017-06-21,15662,13535,2,13.3,0,23.9,0.0566,5,1.2136,0.0625,64,0.0156,0.2344,0.1406,0.25,0.125,0.2344
"380","dpz83f",2009,"07",2017-06-21,15662,13535,7,12.6,0,32.8,0.0566,5,1.2136,0.0625,64,0.0156,0.2344,0.1406,0.25,0.125,0.2344
"381","dpz83f",2017,"01",2017-06-21,15662,13535,5,11.4,3,18.3,0.0566,5,1.2136,0.0625,64,0.0156,0.2344,0.1406,0.25,0.125,0.2344
"382","dpz83f",2013,"04",2017-06-21,15662,13535,3,15.9,0,19.1,0.0566,5,1.2136,0.0625,64,0.0156,0.2344,0.1406,0.25,0.125,0.2344
"383","dpz83f",2012,"09",2017-06-21,15662,13535,3,13.3,0,42.1,0.0566,5,1.2136,0.0625,64,0.0156,0.2344,0.1406,0.25,0.125,0.2344
"384","dpz83f",2011,"03",2017-06-21,15662,13535,6,14.4,0,32.4,0.0566,5,1.2136,0.0625,64,0.0156,0.2344,0.1406,0.25,0.125,0.2344
"385","dpz83f",2010,"10",2017-06-21,15662,13535,3,14.9,0,17.7,0.0566,5,1.2136,0.0625,64,0.0156,0.2344,0.1406,0.25,0.125,0.2344
"386","dpz83f",2007,"03",2017-06-21,15662,13535,2,15.2,16,15.2,0.0566,5,1.2136,0.0625,64,0.0156,0.2344,0.1406,0.25,0.125,0.2344
"387","dpz83g",2008,"02",2017-06-27,17835,5858,2,17.1,31,26.1,0.1447,10,2.5981,0.137,146,0.0069,0.2966,0.131,0.0897,0.0276,0.4482
"388","dpz83g",2011,"02",2017-06-27,17835,5858,2,15.9,0,14,0.1447,10,2.5981,0.137,146,0.0069,0.2966,0.131,0.0897,0.0276,0.4482
"389","dpz83g",2012,"04",2017-06-27,17835,5858,2,15.3,0,9.3,0.1447,10,2.5981,0.137,146,0.0069,0.2966,0.131,0.0897,0.0276,0.4482
"390","dpz83g",2007,"05",2017-06-27,17835,5858,2,16.8,0,28,0.1447,10,2.5981,0.137,146,0.0069,0.2966,0.131,0.0897,0.0276,0.4482
"391","dpz83g",2015,"09",2017-06-27,17835,5858,2,14.3,0,16.6,0.1447,10,2.5981,0.137,146,0.0069,0.2966,0.131,0.0897,0.0276,0.4482
"392","dpz83g",2014,"03",2017-06-27,17835,5858,2,18.9,22,11.8,0.1447,10,2.5981,0.137,146,0.0069,0.2966,0.131,0.0897,0.0276,0.4482
"393","dpz83g",2012,"09",2017-06-27,17835,5858,2,13.3,0,42.1,0.1447,10,2.5981,0.137,146,0.0069,0.2966,0.131,0.0897,0.0276,0.4482
"394","dpz83g",2016,"07",2017-06-27,17835,5858,7,14.3,0,16.4,0.1447,10,2.5981,0.137,146,0.0069,0.2966,0.131,0.0897,0.0276,0.4482
"395","dpz83g",2017,"09",2017-06-27,17835,5858,2,14.8,0,7.7,0.1447,10,2.5981,0.137,146,0.0069,0.2966,0.131,0.0897,0.0276,0.4482
"396","dpz83g",2011,"03",2017-06-27,17835,5858,2,14.4,0,32.4,0.1447,10,2.5981,0.137,146,0.0069,0.2966,0.131,0.0897,0.0276,0.4482
"397","dpz83g",2015,"02",2017-06-27,17835,5858,2,16.3,0,7.5,0.1447,10,2.5981,0.137,146,0.0069,0.2966,0.131,0.0897,0.0276,0.4482
"398","dpz83g",2017,"07",2017-06-27,17835,5858,3,12.8,0,27,0.1447,10,2.5981,0.137,146,0.0069,0.2966,0.131,0.0897,0.0276,0.4482
"399","dpz83g",2008,"05",2017-06-27,17835,5858,3,16.9,0,13.1,0.1447,10,2.5981,0.137,146,0.0069,0.2966,0.131,0.0897,0.0276,0.4482
"400","dpz83g",2008,"01",2017-06-27,17835,5858,2,17.6,6,12.4,0.1447,10,2.5981,0.137,146,0.0069,0.2966,0.131,0.0897,0.0276,0.4482
"401","dpz83g",2016,"11",2017-06-27,17835,5858,2,NA,0,21,0.1447,10,2.5981,0.137,146,0.0069,0.2966,0.131,0.0897,0.0276,0.4482
"402","dpz83g",2008,"08",2017-06-27,17835,5858,2,12.5,0,24.2,0.1447,10,2.5981,0.137,146,0.0069,0.2966,0.131,0.0897,0.0276,0.4482
"403","dpz83g",2012,"02",2017-06-27,17835,5858,4,9.7,0,12,0.1447,10,2.5981,0.137,146,0.0069,0.2966,0.131,0.0897,0.0276,0.4482
"404","dpz83g",2007,"03",2017-06-27,17835,5858,2,15.2,16,15.2,0.1447,10,2.5981,0.137,146,0.0069,0.2966,0.131,0.0897,0.0276,0.4482
"405","dpz83g",2013,"01",2017-06-27,17835,5858,4,15.5,14,28.3,0.1447,10,2.5981,0.137,146,0.0069,0.2966,0.131,0.0897,0.0276,0.4482
"406","dpz83h",2013,"06",2015-04-02,10369,1931,2,12.7,0,26.7,NA,NA,0.9763,0.0517,58,0,0.2414,0.2069,0.1034,0.0517,0.3966
"407","dpz83h",2008,"12",2015-04-02,10369,1931,2,16,31,15,NA,NA,0.9763,0.0517,58,0,0.2414,0.2069,0.1034,0.0517,0.3966
"408","dpz83k",NA,NA,2017-01-17,4436,7353,NA,NA,NA,NA,NA,NA,0.7476,0.0693,303,0,0.4702,0.1225,0.1325,0.0927,0.1821
"409","dpz83s",NA,NA,NA,NA,NA,NA,NA,NA,NA,NA,NA,0.6194,0.1149,740,0.0109,0.173,0.1676,0.0354,0.1253,0.4878
"410","dpz83u",NA,NA,NA,NA,NA,NA,NA,NA,NA,NA,NA,1.7211,0.069,29,0.069,0.2069,0.1034,0.069,0.2069,0.3448
"411","dpz861",NA,NA,NA,NA,NA,NA,NA,NA,NA,NA,NA,1.2158,0.0451,2815,0.0218,0.1955,0.1591,0.0846,0.2276,0.3114
"412","dpz864",NA,NA,NA,NA,NA,NA,NA,NA,NA,NA,NA,1.2193,0.04,25,0,0.32,0.12,0.04,0.12,0.4
"413","dpz865",NA,NA,NA,NA,NA,NA,NA,NA,NA,NA,NA,0.4999,0.0452,531,0.0095,0.129,0.1954,0.0493,0.1784,0.4384
"414","dpz86h",NA,NA,NA,NA,NA,NA,NA,NA,NA,NA,NA,0.2801,0.0253,4312,0.029,0.2272,0.1458,0.0491,0.0848,0.4641
