"","Geohash","AvgAcceleration","PercentOfVehicles","AvgMonthlyVolume","SeverityScore","X8.Peak.Hr.Vehicle.Volume","X8.Peak.Hr.Pedestrian.Volume"
"1","dpz80qv","0.6423","0.055","19796","0.007","10019","1005"
"2","dpz80qy","0.3609","0.0436","13319","0.0949","10171","10589"
"3","dpz80qz","0.6313","0.0165","7211","0.0309","10293","10194"
"4","dpz80rh","0.3514","0.0397","18395","0.0055","10019","1005"
"5","dpz80rj","0.5956","0.011","42932","0.0067","10490","252"
"6","dpz80rk","0.4061","0.0368","6541","0.0067","10019","1005"
"7","dpz80rm","2.0953","0.0278","36","0.007","10245","10810"
"8","dpz80rn","1.574","0.002","1971","0.007","10043","10810"
"9","dpz80rp","1.4055","0.0082","364","0.007","10245","10302"
"10","dpz80rq","1.4024","0.3532","1073","0.007","10171","10810"
"11","dpz80rr","2.4544","0.0526","19","0.0081","10055","10895"
"12","dpz80rs","0.3028","0.0152","5715","0.007","10019","1005"
"13","dpz80rt","1.7218","0.2505","495","0.0074","10171","10824"
"14","dpz80ru","0.4839","0.0175","57","0.007","10019","1005"
"15","dpz80rv","1.7619","0.2009","423","0.007","10110","10810"
"16","dpz80rw","1.2766","0.0313","128","0.007","10043","10194"
"17","dpz80rx","2.018","0.2143","14","0.007","10171","10810"
"18","dpz80ry","1.09","0.1857","1201","0.007","10100","10194"
"19","dpz80rz","1.0657","0.1258","302","0.0074","10110","10302"
"20","dpz80wb","0.9161","0.0068","586","0.031","10245","1005"
"21","dpz80wc","1.1636","0.0769","13","0.007","27594","20"
"22","dpz80wf","1.0626","0.0711","4315","0.0972","5836","25"
"23","dpz80wg","1.1552","0.0855","2526","0.007","10055","10302"
"24","dpz80wu","0.4124","0.2091","220","0.0055","10019","10194"
"25","dpz80wv","0.2434","0.0968","31","0.007","10019","1005"
"26","dpz80wy","0.8008","0.0345","29","0.0055","10019","1005"
"27","dpz80x0","0.6243","0.05","20","0.0067","10019","1005"
"28","dpz80x1","0.9083","0.0275","36248","0.0074","10019","10194"
"29","dpz80x2","1.7097","0.2318","302","0.007","10171","10810"
"30","dpz80x3","1.4211","0.125","16","0.007","10171","10302"
"31","dpz80x4","1.3525","0.0061","34944","0.007","10245","10302"
"32","dpz80x5","0.5154","0.1429","21","0.0055","10019","1005"
"33","dpz80x6","1.3671","0.1429","42","0.0074","10110","10302"
"34","dpz80x7","0.9477","0.0732","41","0.0074","10019","10194"
"35","dpz80x8","4.4035","0.0476","21","0.0074","10043","10895"
"36","dpz80x9","1.0382","0.25","16","0.0074","10110","10302"
"37","dpz80xb","1.892","0.3263","475","0.0074","10171","10824"
"38","dpz80xc","0.6325","0.1334","697","0.0074","10110","10824"
"39","dpz80xd","1.0407","0.2021","574","0.0074","10110","10824"
"40","dpz80xe","0.6601","0.1116","7501","0.0074","10110","10824"
"41","dpz80xf","0.4672","0.1688","154","0.0055","10019","1005"
"42","dpz80xg","0.5522","0.1017","118","0.0055","6472","388"
"43","dpz80xh","0.5262","0.1111","54","0.0055","6794","142"
"44","dpz80xj","0.7364","0.0233","43","0.007","10043","1005"
"45","dpz80xk","1.2009","0.0961","5068","0.0081","10110","10194"
"46","dpz80xm","0.7892","0.0028","31806","0.0055","10019","1005"
"47","dpz80xn","0.7289","0.3158","19","0.0074","10110","10895"
"48","dpz80xp","0.4967","0.0161","372","0.0055","10019","1005"
"49","dpz80xq","0.7477","0.0058","38171","0.007","10019","1005"
"50","dpz80xr","1.8403","0.0233","43","0.007","10245","10810"
"51","dpz80xs","1.4176","0.2","15","0.007","10171","10302"
"52","dpz80xt","0.6167","0.2712","59","0.0081","10110","10824"
"53","dpz80xu","0.425","0.1415","2862","0.0067","10043","1005"
"54","dpz80xv","0.6147","0.1333","15","0.0055","10019","1005"
"55","dpz80xw","1.3636","0.1364","22","0.007","10171","10302"
"56","dpz80xx","1.1224","0.0041","18604","0.007","10043","10194"
"57","dpz80xy","0.833","0.1364","44","0.0074","10100","10194"
"58","dpz80xz","0.8378","0.3075","452","0.0074","10110","10824"
"59","dpz80yb","0.4482","0.12","1100","0.0055","10019","1005"
"60","dpz80yc","1.138","0.2308","13","0.007","10171","10302"
"61","dpz80yf","0","0","10","0.0055","10019","1005"
"62","dpz80yg","1.4592","0.1111","45","0.0074","21367","121"
"63","dpz80yu","0.384","0.0035","565","0.007","10019","1005"
"64","dpz80yv","0.6245","0.0033","9314","0.0096","10293","1005"
"65","dpz80yy","1.1609","0.0897","78","0.007","10110","10824"
"66","dpz80yz","0.688","0.0652","184","0.007","10019","1005"
"67","dpz80z0","0.8728","0.1628","43","0.0074","10100","10194"
"68","dpz80z1","0.4336","0.0028","1073","0.0055","10019","1005"
"69","dpz80z2","0.7616","0.1176","34","0.0067","10043","10194"
"70","dpz80z3","0.4019","0.3223","301","0.0089","10293","10302"
"71","dpz80z4","1.2323","0.1429","14","0.007","10171","10302"
"72","dpz80z5","1.3655","0.25","16","0.007","1485","33"
"73","dpz80z6","1.6803","0.2432","37","0.0074","10171","10824"
"74","dpz80z7","0.599","0.2182","55","0.0081","10110","1005"
"75","dpz80z8","1.237","0.0079","46211","0.0074","10245","10194"
"76","dpz80z9","1.7913","0.0833","12","0.0074","10055","10895"
"77","dpz80zb","0.8443","0.2782","133","0.0074","10171","10810"
"78","dpz80zc","2.3067","0.1875","16","0.007","10171","10810"
"79","dpz80zd","0.8785","0.0042","45191","0.007","10019","1005"
"80","dpz80ze","0.5884","0.1818","11","0.0055","10019","1005"
"81","dpz80zf","1.8507","0.1579","19","0.007","10171","10810"
"82","dpz80zg","1.1416","0.1429","14","0.007","10171","10302"
"83","dpz80zh","0.2974","0.0174","805","0.007","10100","1005"
"84","dpz80zj","0.3642","0.1875","64","0.0081","10110","10824"
"85","dpz80zk","0.2845","0.007","426","0.0055","10019","1005"
"86","dpz80zm","0.3504","0.0246","610","0.0067","10019","1005"
"87","dpz80zn","0.6772","0.2581","1228","0.0074","22009","120"
"88","dpz80zp","0.729","0.04","25","0.0109","10019","1005"
"89","dpz80zq","0.3231","0.1463","41","0.0074","10100","1005"
"90","dpz80zr","0.4367","0.3126","1043","0.0067","10043","10302"
"91","dpz80zs","1.5185","0.0256","39","0.007","10245","10810"
"92","dpz80zt","0.6614","0.075","40","0.0067","10019","1005"
"93","dpz80zu","2.4524","0.0625","16","0.0081","10055","10895"
"94","dpz80zv","2.064","0.1538","13","0.007","10171","10810"
"95","dpz80zw","0.573","0.0468","299","0.007","10019","1005"
"96","dpz80zx","1.1242","0.0935","9133","0.007","11246","265"
"97","dpz80zy","1.0319","0.0085","62144","0.0074","10171","10824"
"98","dpz80zz","0.8306","0.0057","48297","0.0055","10019","1005"
"99","dpz81nv","0.462","0.1579","19","0.0055","10019","10194"
"100","dpz81ny","0.4271","0.0938","32","0.007","10019","1005"
"101","dpz81nz","1.1275","0.0667","195","0.007","10055","10302"
"102","dpz81p0","0.2169","0.0068","439","0.0055","10019","1005"
"103","dpz81p2","0.536","0.0667","15","0.0055","25571","163"
"104","dpz81p3","0.4217","0.0217","92","0.007","10100","10589"
"105","dpz81p6","0.3515","0.0118","85","0.007","10100","1005"
"106","dpz81p7","0.5917","0.013","77","0.0074","10110","1005"
"107","dpz81p8","0.984","0.0714","14","0.0067","10043","10194"
"108","dpz81p9","1.6411","0.0833","12","0.0074","25651","56"
"109","dpz81pb","1.2568","0.0145","138","0.007","10043","10194"
"110","dpz81pc","1.5418","0.0105","26985","0.007","7407","517"
"111","dpz81pd","0.4715","0.0339","59","0.0159","10019","1005"
"112","dpz81pe","1.4467","0.0461","912","0.0074","10245","10810"
"113","dpz81pf","1.0126","0.0047","46265","0.0074","10245","10194"
"114","dpz81pg","1.0604","0.0064","13197","0.0074","10055","1005"
"115","dpz81pk","0.4228","0.125","16","0.0055","10019","10895"
"116","dpz81pm","0.3889","0.0345","29","0.0055","10019","1005"
"117","dpz81pn","0.6055","0.1463","123","0.0055","10019","1005"
"118","dpz81pp","0.5007","0.127","189","0.0055","10019","1005"
"119","dpz81pq","0.4737","0.0641","312","0.0055","10019","1005"
"120","dpz81pr","1.7373","0.0811","37","0.007","10171","10810"
"121","dpz81ps","0.6099","0.0826","109","0.0055","20230","132"
"122","dpz81pt","0.5336","0.063","11742","0.0089","21335","717"
"123","dpz81pu","0.6275","0.1543","162","0.0055","10019","10194"
"124","dpz81pv","0.3961","0.1569","153","0.0055","10019","1005"
"125","dpz81pw","1.3696","0.0133","75","0.0407","10245","10810"
"126","dpz81px","0.5971","0.3291","3959","0.029","7829","1701"
"127","dpz81py","0.7777","0.0924","2499","0.0067","26327","2277"
"128","dpz81pz","1.0207","0.0357","56","0.0286","10293","10194"
"129","dpz81qb","1.7805","0.0431","116","0.0081","10055","10895"
"130","dpz81qc","0.4692","0.1762","437","0.0081","10110","10194"
"131","dpz81qf","0.4762","0.1486","249","0.0067","10043","10194"
"132","dpz81qg","1.0573","0.4407","801","0.0074","10100","10810"
"133","dpz81qu","0.3198","0.2222","27","0.0055","10019","10194"
"134","dpz81r0","0.8249","0.0091","328","0.0055","10019","10194"
"135","dpz81r1","0.9446","0.0552","453","0.0074","10019","10194"
"136","dpz81r2","0.9477","0.0198","354","0.0074","10019","10194"
"137","dpz81r3","0.46","0.1639","61","0.0081","10171","10895"
"138","dpz81r4","0.4692","0.02","50","0.007","10019","1005"
"139","dpz81r5","0.3697","0.0329","152","0.0055","10019","1005"
"140","dpz81r8","1.0627","0.0182","55","0.0074","10245","10194"
"141","dpz81r9","0.4699","0.1884","69","0.0081","10171","10895"
"142","dpz81rb","0.7502","0.1628","3403","0.0081","5781","1156"
"143","dpz81rc","0.8543","0.0183","383","0.007","10019","10194"
"144","dpz81rd","0.8059","0.2895","38","0.0074","10110","10824"
"145","dpz81rf","0.372","0.0326","1167","0.0055","10019","1005"
"146","dpz81rg","0.8424","0.0588","68","0.007","10100","10824"
"147","dpz81ru","0.5432","0.0753","93","0.0098","8423","2887"
"148","dpz81rv","0.5164","0.0241","83","0.0098","10325","1005"
"149","dpz81ry","0.3007","0.2","15","0.0055","10019","1005"
"150","dpz822h","1.8403","0.0625","16","0.0081","10055","10895"
"151","dpz822j","0.7767","0.1003","309","0.0067","10043","10194"
"152","dpz822k","0.5155","0.127","307","0.0055","10019","10194"
"153","dpz822m","0.8521","0.0256","39","0.0074","10019","10194"
"154","dpz822n","1.0984","0.0256","39","0.0074","9339","2582"
"155","dpz822p","1.6766","0.0999","1121","0.0074","10055","10895"
"156","dpz822q","0.6151","0.0071","987","0.0096","10301","1005"
"157","dpz822r","0.8035","0.0308","422","0.0074","10019","1005"
"158","dpz822s","0.3904","0.0844","6698","0.0067","10043","1005"
"159","dpz822t","0.6389","0.073","137","0.0067","7262","2643"
"160","dpz822u","1.1444","0.0714","14","0.007","10055","10302"
"161","dpz822v","0.467","0.0612","278","0.0055","10100","1034"
"162","dpz822w","0.6015","0.0517","3114","0.007","10019","1005"
"163","dpz822x","1.2367","0.1413","269","0.007","8149","2065"
"164","dpz822y","1.1426","0.019","105","0.0074","10055","10194"
"165","dpz822z","1.1801","0.0116","86","0.0074","10171","10810"
"166","dpz823h","0.6907","0.065","123","0.007","10019","1005"
"167","dpz823j","0.6334","0.0552","145","0.0067","10019","1005"
"168","dpz823k","0.415","0.2807","171","0.0067","10043","10589"
"169","dpz823m","0.9763","0.2123","1187","0.0074","10100","10194"
"170","dpz823n","0.6811","0.0257","817","0.0096","10293","10194"
"171","dpz823p","0.376","0.0213","47","0.007","10019","1005"
"172","dpz823q","1.3743","0.0843","83","0.0074","10171","10810"
"173","dpz823r","0.8565","0.0127","79","0.0074","10110","10810"
"174","dpz823s","0.41","0.0667","60","0.0055","10019","1005"
"175","dpz823t","0.8469","0.1242","475","0.0074","10100","10194"
"176","dpz823u","0.3856","0.2838","148","0.0067","10043","10589"
"177","dpz823v","1.0675","0.2339","1304","0.0074","10110","10302"
"178","dpz823w","0.735","0.0303","99","0.0074","10110","10824"
"179","dpz823x","0.6739","0.0629","302","0.007","10019","1005"
"180","dpz823y","0.5311","0.0638","188","0.0055","10019","1005"
"181","dpz823z","0.6454","0.0685","73","0.0074","10110","10194"
"182","dpz826h","0.8405","0.083","916","0.007","10110","10824"
"183","dpz826j","1.3271","0.0811","37","0.0074","10171","10302"
"184","dpz826k","0.6525","0.1055","199","0.0067","10019","1005"
"185","dpz826m","1.0368","0.1111","18","0.0081","10055","10895"
"186","dpz826n","0.8269","0.12","25","0.0067","12271","141"
"187","dpz826p","0.5352","0.0612","6063","0.0096","14442","5244"
"188","dpz826q","0.7008","0.0875","160","0.0067","10019","1005"
"189","dpz826r","0.8894","0.0647","139","0.0582","10171","1005"
"190","dpz826s","0.3733","0.0222","1664","0.0055","10019","1005"
"191","dpz826t","1.3086","0.2059","34","0.0074","10171","10302"
"192","dpz826u","1.1143","0.2138","145","0.0074","10100","10194"
"193","dpz826v","1.2356","0.2475","202","0.0074","10110","10302"
"194","dpz826w","1.2058","0.2105","38","0.0074","14803","5131"
"195","dpz826x","0.5605","0.142","8845","0.0148","10110","10824"
"196","dpz826y","1.4057","0.2584","209","0.007","10171","10302"
"197","dpz826z","2.4336","0.3375","160","0.007","10171","10810"
"198","dpz827h","0.1863","0.0606","33","0.0081","10100","1034"
"199","dpz827j","1.6292","0.267","221","0.007","10171","10810"
"200","dpz827k","0.4204","0.0569","123","0.0055","10019","1005"
"201","dpz827m","0.5234","0.2821","1875","0.0229","10171","10895"
"202","dpz827n","0.6823","0.0618","6307","0.007","10922","378"
"203","dpz827p","0.5855","0.129","411","0.007","10100","1005"
"204","dpz827q","0.7169","0.0582","5976","0.0067","10110","1038"
"205","dpz827s","0.5078","0.1447","850","0.0081","10110","10824"
"206","dpz827t","0.7403","0.1008","6312","0.007","11740","2516"
"207","dpz827u","0.717","0.071","1957","0.007","10019","1005"
"208","dpz827v","0.7797","0.1698","524","0.0074","10100","10194"
"209","dpz827w","1.2113","0.1172","367","0.0074","10110","10302"
"210","dpz827x","1.3225","0.1097","237","0.007","10055","10302"
"211","dpz827y","0.9653","0.1325","166","0.0074","10100","10194"
"212","dpz827z","1.4176","0.2126","508","0.0074","10171","10302"
"213","dpz8280","1.1134","0.1818","11","0.0074","9259","2198"
"214","dpz8281","3.6398","0.0435","23","0.0074","10043","10895"
"215","dpz8282","1.9402","0.0526","38","0.007","10245","10824"
"216","dpz8283","0.8216","0.0638","188","0.0055","10019","1005"
"217","dpz8284","0.603","0.4783","23","0.0139","13926","5310"
"218","dpz8285","0.4943","0.1212","132","0.0055","10019","1005"
"219","dpz8286","1.1311","0.0417","24","0.0074","10055","10302"
"220","dpz8287","1.5167","0.1087","46","0.0074","10110","10824"
"221","dpz8288","0.9252","0.101","99","0.007","10055","10824"
"222","dpz8289","1.8289","0.0714","28","0.0074","10055","10895"
"223","dpz828b","0.4249","0.0809","1385","0.0067","10019","10912"
"224","dpz828c","0.7306","0.0319","1847","0.0239","14622","6472"
"225","dpz828d","0.7585","0.004","252","0.0055","10019","1005"
"226","dpz828e","0.6904","0.0753","332","0.007","10019","1005"
"227","dpz828f","0.809","0.1333","15","0.0074","10496","1546"
"228","dpz828g","0.812","0.2143","1414","0.0074","10110","10194"
"229","dpz828h","0.6761","0.2529","170","0.0081","10171","10302"
"230","dpz828j","0.8222","0.2308","13","0.0074","10171","10302"
"231","dpz828k","0.6912","0.2133","150","0.007","10019","10194"
"232","dpz828m","0.6461","0.165","103","0.0055","8970","847"
"233","dpz828n","0.502","0.3072","3421","0.0081","10110","10895"
"234","dpz828p","0.8701","0.0717","1841","0.0074","10043","1005"
"235","dpz828q","0.6079","0.193","228","0.0055","10019","10302"
"236","dpz828r","0.9626","0.0168","119","0.0099","9466","2769"
"237","dpz828s","0.9934","0.039","77","0.0074","10110","10810"
"238","dpz828t","0.7108","0.1437","821","0.0074","10110","10824"
"239","dpz828u","0.6471","0.0544","239","0.007","10019","1005"
"240","dpz828v","0.8593","0.1113","791","0.0074","10100","10824"
"241","dpz828w","1.3451","0.1111","18","0.0074","10055","10895"
"242","dpz828x","1.039","0.2203","2265","0.0074","10110","10302"
"243","dpz828y","1.623","0.1111","72","0.0074","10171","10824"
"244","dpz828z","1.3524","0.0649","154","0.0074","10055","10302"
"245","dpz8290","0","0","10","0.0055","10019","1005"
"246","dpz8291","1.0599","0.0317","63","0.0074","10171","10810"
"247","dpz8292","1.2774","0.0333","30","0.0074","10245","10302"
"248","dpz8293","0.6227","0.0606","33","0.007","10043","10589"
"249","dpz8294","0.7643","0.0577","52","0.0067","10043","1005"
"250","dpz8295","1.2151","0.1111","54","0.0074","10110","10302"
"251","dpz8296","0.6551","0.1011","544","0.0055","10043","1005"
"252","dpz8297","0.3838","0.1836","523","0.0086","10110","1005"
"253","dpz8298","0.6277","0.1171","333","0.0086","8849","1094"
"254","dpz8299","0.3852","0.0338","650","0.0055","10019","1005"
"255","dpz829b","0.5885","0.0218","7340","0.0074","10110","1005"
"256","dpz829c","1.0173","0.0302","596","0.0081","10110","10824"
"257","dpz829d","0.4554","0.0403","149","0.0074","10245","1038"
"258","dpz829e","0.9676","0.125","16","0.0074","10055","10194"
"259","dpz829f","0.8999","0.2442","385","0.0074","10110","10302"
"260","dpz829g","1.0329","0.1848","303","0.0074","10110","10302"
"261","dpz829h","1.1397","0.1139","79","0.007","10100","10824"
"262","dpz829j","1.1547","0.2054","297","0.0074","10110","10302"
"263","dpz829k","1.2341","0.2508","295","0.0074","10110","10302"
"264","dpz829m","1.2744","0.202","297","0.0074","10110","10302"
"265","dpz829n","0.7588","0.0676","74","0.007","10043","1734"
"266","dpz829p","0.7916","0.171","193","0.007","10171","10302"
"267","dpz829q","0.9096","0.0576","2554","0.0081","10019","10194"
"268","dpz829r","0.8211","0.0657","137","0.0055","10019","1005"
"269","dpz829s","1.0969","0.1842","38","0.0074","10110","10302"
"270","dpz829t","0.5322","0.1167","2862","0.0067","10019","1005"
"271","dpz829u","0.5685","0.0381","1600","0.0067","10019","1005"
"272","dpz829v","1.3071","0.1379","29","0.0074","10110","10302"
"273","dpz829w","1.0413","0.0185","162","0.0074","10055","1005"
"274","dpz829x","1.0491","0.0385","26","0.0074","10043","10302"
"275","dpz829y","1.1112","0.2238","143","0.0074","10110","10302"
"276","dpz829z","1.0235","0.0265","113","0.0074","10055","1005"
"277","dpz82b0","0.9974","0.0843","83","0.007","10100","10824"
"278","dpz82b1","1.1342","0.0263","38","0.0074","10245","10302"
"279","dpz82b2","0.9033","0.2143","14","0.0074","10100","10194"
"280","dpz82b3","0.8291","0.0924","184","0.007","10043","1005"
"281","dpz82b4","1.1131","0.15","40","0.0081","10110","10302"
"282","dpz82b5","0.6468","0.1242","161","0.0055","10019","1005"
"283","dpz82b6","0.5807","0.1892","111","0.0055","10019","10194"
"284","dpz82b7","0.6007","0.1471","34","0.0055","10055","10194"
"285","dpz82b8","0.9605","0.18","50","0.0074","10100","10194"
"286","dpz82b9","0.9207","0.073","178","0.0074","10043","10302"
"287","dpz82bb","1.1302","0.15","60","0.0081","10100","10824"
"288","dpz82bc","1.0671","0.5422","83","0.0074","10100","10810"
"289","dpz82bd","0.638","0.3143","70","0.0086","10301","1835"
"290","dpz82be","0.7895","0.0612","147","0.0055","11884","5678"
"291","dpz82bf","1.2817","0.25","168","0.0074","10110","10302"
"292","dpz82bg","0.8406","0.25","204","0.0074","10171","10302"
"293","dpz82bh","0.4997","0.3305","2965","0.0081","10171","10895"
"294","dpz82bj","0.4763","0.1463","1230","0.0055","10019","1005"
"295","dpz82bk","0.7944","0.0899","89","0.007","10110","10824"
"296","dpz82bm","0.6249","0.0913","701","0.0074","10110","10824"
"297","dpz82bn","2.0726","0.0526","19","0.0081","10055","10895"
"298","dpz82bp","0.863","0.0604","8367","0.0074","10110","10810"
"299","dpz82bq","0.5095","0.0183","710","0.0098","12200","796"
"300","dpz82br","2.0125","0.2","20","0.0074","10110","10810"
"301","dpz82bs","0.8084","0.027","74","0.0074","10110","10810"
"302","dpz82bt","0.6504","0.0505","198","0.0074","10019","1005"
"303","dpz82bu","0.895","0.0866","127","0.007","10019","1005"
"304","dpz82bv","0.6545","0.0253","277","0.0055","13533","4681"
"305","dpz82bw","0.5642","0.1","80","0.007","10171","10589"
"306","dpz82bx","0.6654","0.0082","243","0.007","10019","1005"
"307","dpz82by","1.7031","0.1538","13","0.0074","10110","10810"
"308","dpz82bz","1.1316","0.1375","80","0.0074","10055","10824"
"309","dpz82c0","2.2332","0.0714","42","0.007","11628","4053"
"310","dpz82c1","0.7115","0.2007","573","0.0081","10110","10824"
"311","dpz82c2","2.8994","0.0041","243","0.0081","10055","10895"
"312","dpz82c3","0.7459","0.1429","147","0.0067","10019","1005"
"313","dpz82c4","0.6865","0.2326","43","0.0081","10110","10194"
"314","dpz82c5","1.3009","0.0526","19","0.0074","10055","10302"
"315","dpz82c6","1.298","0.0807","161","0.0074","11185","2755"
"316","dpz82c7","3.7624","0.0476","21","0.0081","10055","10895"
"317","dpz82c8","0.7856","0.0675","4386","0.0081","5191","2270"
"318","dpz82c9","0.6833","0.0588","85","0.0096","10293","10194"
"319","dpz82cb","0.7641","0.1111","36","0.0067","10043","10194"
"320","dpz82cc","2.2197","0.0588","17","0.0081","10055","10895"
"321","dpz82cd","1.3081","0.1305","2567","0.0074","3069","486"
"322","dpz82ce","0.7323","0.2456","684","0.0081","10110","10824"
"323","dpz82cf","1.1458","0.1649","831","0.0074","10100","10824"
"324","dpz82cg","0.6661","0.1546","194","0.007","10019","10302"
"325","dpz82ch","0.7608","0.1905","21","0.007","10019","10302"
"326","dpz82cj","0.971","0.2","15","0.0074","10100","10194"
"327","dpz82ck","1.7422","0.0357","28","0.0074","10043","10895"
"328","dpz82cm","0.5724","0.142","169","0.0098","9898","1979"
"329","dpz82cn","0.7652","0.0673","773","0.007","10110","10824"
"330","dpz82cp","0.9364","0.2785","79","0.0081","10100","10824"
"331","dpz82cq","0.8057","0.0645","31","0.0175","10043","10194"
"332","dpz82cr","0.7678","0.0783","115","0.0055","10019","1005"
"333","dpz82ct","0.3343","0.1454","784","0.0081","10110","10824"
"334","dpz82cv","0.6419","0.175","800","0.0074","10110","10895"
"335","dpz82cw","0.69","0.183","694","0.0081","10100","10824"
"336","dpz82cx","1.2041","0.0714","14","0.0089","7820","1231"
"337","dpz82cy","1.2749","0.0667","30","0.0074","10245","10302"
"338","dpz82cz","1.1732","0.218","367","0.0074","10110","10302"
"339","dpz82d0","0.7666","0.5308","130","0.0074","8408","1895"
"340","dpz82d1","0.741","0.1852","108","0.007","10019","10194"
"341","dpz82d2","0.5308","0.08","25","0.007","10043","10302"
"342","dpz82d3","0.6304","0.4565","46","0.0081","10110","10895"
"343","dpz82d4","1.3366","0.1863","451","0.0081","10110","10302"
"344","dpz82d5","1.0026","0.1863","424","0.0074","10110","10302"
"345","dpz82d6","0.7222","0.0662","302","0.007","10019","10194"
"346","dpz82d7","1.2431","0.0809","235","0.0074","10055","10302"
"347","dpz82d8","0.5196","0.1639","1318","0.0055","10019","10194"
"348","dpz82d9","0.5067","0.0683","205","0.007","10019","1005"
"349","dpz82db","1.5015","0.2105","19","0.0074","10110","10810"
"350","dpz82dc","1.6197","0.125","16","0.0074","10110","10810"
"351","dpz82dd","1.3072","0.1947","190","0.0074","10110","10302"
"352","dpz82de","0.9235","0.1304","23","0.0081","10171","10302"
"353","dpz82df","0.6278","0.0864","81","0.0096","10301","10194"
"354","dpz82dg","0.5518","0.0676","74","0.0111","11340","4611"
"355","dpz82dh","1.1191","0.1118","2692","0.0074","14775","3301"
"356","dpz82dj","0.8993","0.1304","299","0.0074","10110","10302"
"357","dpz82dk","1.5142","0.05","20","0.0074","10055","10810"
"358","dpz82dm","0.6792","0.1422","211","0.007","10019","1005"
"359","dpz82dn","1.3072","0.1077","65","0.0081","10110","10824"
"360","dpz82dp","0.9094","0.1437","174","0.0081","11860","7315"
"361","dpz82dq","0.6421","0.0512","215","0.0074","10019","1005"
"362","dpz82dr","1.0585","0.1418","275","0.0081","10110","10302"
"363","dpz82ds","0.6737","0.0629","2957","0.007","10019","1005"
"364","dpz82dt","0.6176","0.1324","68","0.0067","10100","1038"
"365","dpz82du","1.4416","0.0769","26","0.0074","10055","10810"
"366","dpz82dv","1.4457","0.0833","72","0.0081","10171","10810"
"367","dpz82dw","0.6169","0.1678","143","0.0055","6627","830"
"368","dpz82dx","1.426","0.3101","316","0.0074","10110","10810"
"369","dpz82dy","0.6488","0.0714","28","0.007","10019","1005"
"370","dpz82dz","1.5171","0.2364","313","0.0074","10110","10810"
"371","dpz82e0","3.0769","0.1905","21","0.0074","10110","10810"
"372","dpz82e1","0.6942","0.0258","271","0.007","10019","1005"
"373","dpz82e2","1.6225","0.1694","307","0.0074","10110","10810"
"374","dpz82e3","1.6579","0.3462","26","0.0074","10110","10810"
"375","dpz82e4","0.9092","0.1887","106","0.0074","10100","10194"
"376","dpz82e5","0.3081","0.0077","3890","0.0055","10019","1005"
"377","dpz82e6","0.9229","0.106","302","0.0081","5859","1005"
"378","dpz82e7","1.251","0.0766","222","0.0074","10055","10302"
"379","dpz82e8","1.4653","0.2297","357","0.0074","10110","10810"
"380","dpz82e9","1.9281","0.087","23","0.0081","10055","10895"
"381","dpz82eb","0.5463","0.0727","399","0.0067","10019","1005"
"382","dpz82ec","0.4915","0.0138","435","0.0067","6818","1574"
"383","dpz82ed","0.4344","0.0051","3340","0.0055","10019","1005"
"384","dpz82ee","0.7714","0.0667","15","0.0055","10019","1005"
"385","dpz82ef","0.8248","0.0488","82","0.0074","10110","10810"
"386","dpz82eg","1.1361","0.2059","850","0.0074","10100","10824"
"387","dpz82eh","1.9957","0.026","77","0.0074","10245","10810"
"388","dpz82ej","0.9058","0.3143","35","0.0074","10110","10810"
"389","dpz82ek","0.8751","0.1854","712","0.0074","10100","10895"
"390","dpz82em","0.8307","0.007","1563","0.0055","10019","1005"
"391","dpz82en","1.5148","0.239","590","0.0074","13223","5290"
"392","dpz82ep","2.9616","0.1111","18","0.0081","10055","10895"
"393","dpz82eq","1.7245","0.2044","137","0.0074","10110","10810"
"394","dpz82er","0.9941","0.1234","697","0.007","10100","10810"
"395","dpz82es","1.1629","0.1765","17","0.0074","10110","10302"
"396","dpz82et","0.6829","0.1631","325","0.007","10019","10194"
"397","dpz82eu","0.4926","0.0649","154","0.0067","11364","894"
"398","dpz82ev","1.0297","0.0328","61","0.0081","10110","10824"
"399","dpz82ew","1.207","0.1333","30","0.0074","10100","10302"
"400","dpz82ex","0.9206","0.2047","601","0.0074","10100","10824"
"401","dpz82ey","0.7847","0.2645","620","0.0081","7429","1545"
"402","dpz82ez","1.1411","0.2888","599","0.0074","10110","10824"
"403","dpz82f0","1.1623","0.2414","58","0.0074","10110","10824"
"404","dpz82f1","3.2411","0.0556","18","0.007","9477","1839"
"405","dpz82f2","1.5","0.1341","440","0.0081","10110","10824"
"406","dpz82f3","1.9247","0.3416","884","0.0074","10110","10824"
"407","dpz82f4","4.0272","0.0333","30","0.0074","10043","10895"
"408","dpz82f6","1.0164","0.0705","156","0.0074","10055","10194"
"409","dpz82f7","0.5992","0.1176","17","0.0055","11987","1216"
"410","dpz82f8","1.5597","0.0742","256","0.0074","10055","10810"
"411","dpz82f9","1.1728","0.1053","19","0.0074","10055","10302"
"412","dpz82fb","1.532","0.1832","846","0.007","10100","10824"
"413","dpz82fc","0.8878","0.1492","784","0.0074","10100","10824"
"414","dpz82fd","1.296","0.0408","49","0.0074","10245","10302"
"415","dpz82fe","1.254","0.0439","114","0.0074","10055","10194"
"416","dpz82ff","0.827","0.0714","14","0.0055","10019","1005"
"417","dpz82fg","1.0914","0.1294","796","0.0074","10055","10824"
"418","dpz82fj","1.441","0.2287","586","0.0074","10110","10824"
"419","dpz82fk","1.1576","0.2028","927","0.007","9436","1682"
"420","dpz82fm","1.0942","0.2","685","0.0074","10100","10824"
"421","dpz82fn","3.0662","0.1111","18","0.0081","10055","10895"
"422","dpz82fp","1.0762","0.1308","367","0.0081","10110","10302"
"423","dpz82fq","0.8024","0.1843","396","0.0081","8875","2028"
"424","dpz82fr","1.6716","0.1698","683","0.0074","10100","10824"
"425","dpz82fs","1.3848","0.0882","136","0.0074","10055","10302"
"426","dpz82ft","0.5794","0.1077","418","0.0067","10019","1005"
"427","dpz82fu","0.6849","0.1","20","0.0067","10019","1005"
"428","dpz82fv","0.4992","0.0525","533","0.0055","10019","1005"
"429","dpz82fw","0.6675","0.1172","964","0.0074","10110","10824"
"430","dpz82fx","2.3091","0.0943","53","0.0081","10110","10824"
"431","dpz82fy","1.5507","0.1854","971","0.007","10100","10824"
"432","dpz82fz","0.8955","0.1979","1334","0.0074","10100","10194"
"433","dpz82g0","1.6282","0.4325","1193","0.0074","8708","3172"
"434","dpz82g1","0.6486","0.1716","134","0.0055","10019","10194"
"435","dpz82g2","0.6003","0.0785","548","0.0055","10043","1005"
"436","dpz82g3","0.9667","0.0625","304","0.0081","10019","10194"
"437","dpz82g4","0.6381","0.0238","294","0.007","10019","1005"
"438","dpz82g5","0.6005","0.1479","872","0.0081","7478","4262"
"439","dpz82g6","1.2935","0.1739","23","0.0074","10110","10302"
"440","dpz82g7","1.0905","0.0698","43","0.0081","10110","10194"
"441","dpz82g8","1.0436","0.3661","601","0.0074","10110","10810"
"442","dpz82g9","1.1703","0.0645","31","0.0074","10245","10302"
"443","dpz82gb","0.761","0.1329","828","0.0074","8060","1215"
"444","dpz82gc","0.8174","0.2444","45","0.0074","10110","10194"
"445","dpz82gd","2.6544","0.1429","14","0.0074","10110","10810"
"446","dpz82ge","1.9994","0.1667","42","0.0074","10100","10810"
"447","dpz82gf","1.144","0.0714","14","0.0074","10055","10302"
"448","dpz82gg","0.8739","0.0186","161","0.0055","10019","1005"
"449","dpz82gh","0.7964","0.087","46","0.0081","7251","3612"
"450","dpz82gj","2.5029","0.0968","31","0.0081","10055","10895"
"451","dpz82gk","1.0834","0.1842","38","0.0074","10110","10302"
"452","dpz82gm","0.6374","0.0313","64","0.0074","10055","10194"
"453","dpz82gn","1.1342","0.0263","38","0.0074","10245","10302"
"454","dpz82gp","0.7508","0.0435","115","0.0055","10019","1005"
"455","dpz82gq","1.0918","0.1803","122","0.0074","8941","4410"
"456","dpz82gr","1.1141","0.2023","687","0.0074","10100","10824"
"457","dpz82gs","1.0152","0.0457","940","0.0074","10100","10824"
"458","dpz82gt","2.0953","0.0714","14","0.0081","10055","10895"
"459","dpz82gu","1.1342","0.0217","46","0.0081","10171","10194"
"460","dpz82gv","2.0491","0.0386","233","0.0081","10055","10895"
"461","dpz82gw","0.9982","0.1761","568","0.0074","10100","10824"
"462","dpz82gx","0.6249","0.0624","433","0.0055","10019","1005"
"463","dpz82gy","1.0209","0.1994","697","0.0074","10100","10824"
"464","dpz82gz","0.685","0.0401","474","0.0067","10019","1005"
"465","dpz82kj","0.5355","0.15","4787","0.007","10100","1005"
"466","dpz82kn","0.7687","0.2085","398","0.0081","10110","10194"
"467","dpz82kp","0.3152","0.0952","21","0.007","10019","1005"
"468","dpz82s0","0.3593","0.0732","478","0.0055","10019","1005"
"469","dpz82s1","0.4133","0.0353","3629","0.0074","10019","1005"
"470","dpz82s4","0.5525","0.0664","256","0.007","10019","1005"
"471","dpz82s5","0.3387","0.1392","158","0.0067","10043","1005"
"472","dpz82sh","0.3653","0.0328","6759","0.0067","10043","1005"
"473","dpz82sj","0.5718","0.4528","53","0.0081","10110","10824"
"474","dpz82sn","1.3811","0.0952","63","0.0081","10110","10824"
"475","dpz82sp","0.9878","0.1864","558","0.0074","10100","10194"
"476","dpz82u1","0.294","0.0607","2964","0.0074","10019","1005"
"477","dpz82u4","0.3687","0.2053","750","0.0086","10171","10824"
"478","dpz82u5","1.4676","0.0179","56","0.0074","10245","10810"
"479","dpz82uh","0.4686","0.034","648","0.007","10043","1005"
"480","dpz82un","0.7152","0.1272","668","0.007","10110","10824"
"481","dpz82up","0.3023","0.1134","494","0.0055","10019","1005"
"482","dpz8300","0.7399","0.3842","203","0.0074","10110","10895"
"483","dpz8301","0.9933","0.003","5919","0.0081","10110","10824"
"484","dpz8302","2.7229","0.0769","13","0.0081","10055","10895"
"485","dpz8303","1.7921","0.3016","63","0.0074","10110","10824"
"486","dpz8304","1.0263","0.0833","12","0.0074","10055","10194"
"487","dpz8305","1.4575","0.0105","62285","0.0074","10245","10810"
"488","dpz8308","0.4586","0.0063","1909","0.0055","10019","1005"
"489","dpz8309","0.627","0.1045","67","0.0067","10055","1038"
"490","dpz830b","0.388","0.0273","1832","0.0055","10019","1005"
"491","dpz830c","0.6667","0.5","104","0.0081","11450","2931"
"492","dpz830d","0.4889","0.0227","44","0.0067","10019","1005"
"493","dpz830e","1.2081","0.2725","367","0.0074","10110","10824"
"494","dpz830f","0.7253","0.0217","184","0.007","10019","1005"
"495","dpz830g","1.0365","0.1422","2708","0.0081","13974","2290"
"496","dpz830h","0.7306","0.009","68261","0.007","10110","1034"
"497","dpz830j","0.5152","0.0074","675","0.0067","10043","1005"
"498","dpz830k","0","0","22","0.0055","10019","1005"
"499","dpz830m","0.7907","0.0449","178","0.0313","10245","1005"
"500","dpz830n","0.5448","0.0102","59834","0.0081","11653","5808"
"501","dpz830p","0.4731","0.0496","262","0.007","10019","1005"
"502","dpz830q","0.9627","0.0833","24","0.0074","10019","10302"
"503","dpz830r","0.615","0.0233","129","0.0067","10019","1005"
"504","dpz830s","1.185","0.2763","228","0.0074","10110","10810"
"505","dpz830t","0.9876","0.1214","593","0.0201","12726","830"
"506","dpz830u","0.983","0.0851","47","0.0074","10019","10194"
"507","dpz830v","0.9256","0.0584","137","0.0159","10055","10194"
"508","dpz830w","0.9158","0.0789","114","0.0074","10055","10194"
"509","dpz830x","0.7077","0.0698","43","0.0074","5875","1283"
"510","dpz830y","1.2611","0.0541","37","0.0074","10245","10302"
"511","dpz830z","0.752","0.1176","85","0.0074","10110","10824"
"512","dpz8310","0.9577","0.0541","37","0.0081","10110","10194"
"513","dpz8311","0.7723","0.2353","51","0.0081","10110","10194"
"514","dpz8312","0.7947","0.0286","140","0.0055","10019","1005"
"515","dpz8313","1.1632","0.0275","182","0.0074","10055","10194"
"516","dpz8314","1.079","0.0658","228","0.0081","9966","4831"
"517","dpz8315","0.4758","0.096","844","0.0074","10245","10589"
"518","dpz8316","0.9771","0.1459","514","0.0074","10100","10194"
"519","dpz8317","0.9227","0.2222","54","0.0081","10100","10194"
"520","dpz8318","0.9572","0.0625","176","0.0074","10055","10302"
"521","dpz8319","0.8108","0.0411","73","0.007","10538","6170"
"522","dpz831b","1.9686","0.2467","600","0.0074","10110","10824"
"523","dpz831c","0.9574","0.0111","270","0.0074","10043","10194"
"524","dpz831d","1.5974","0.2066","121","0.0176","10110","10810"
"525","dpz831e","1.1229","0.2176","170","0.0505","14588","10895"
"526","dpz831f","0.5168","0.1107","840","0.0074","10171","10810"
"527","dpz831g","1.268","0.1455","55","0.0324","10245","10302"
"528","dpz831h","0.4582","0.0338","444","0.0168","15478","7878"
"529","dpz831j","0.6276","0.1242","314","0.0055","10019","10194"
"530","dpz831k","0.4897","0.049","102","0.0163","11906","2667"
"531","dpz831m","0.982","0.3125","96","0.0074","10100","10895"
"532","dpz831n","0.5929","0.0323","93","0.0098","9793","14142"
"533","dpz831p","0.807","0.0722","263","0.0055","10055","1005"
"534","dpz831q","0.5709","0.0138","217","0.0067","7345","2694"
"535","dpz831r","0.7053","0.175","40","0.0081","10110","10194"
"536","dpz831s","0.8004","0.0968","62","0.0074","10100","10824"
"537","dpz831t","1.0528","0.0666","3408","0.0081","6624","5835"
"538","dpz831u","0.9022","0.1","20","0.0081","10043","1005"
"539","dpz831v","0.8731","0.0811","111","0.0098","6802","9439"
"540","dpz831w","0.984","0.0357","28","0.0081","10171","10194"
"541","dpz831x","1.8403","0.0323","31","0.007","10171","10589"
"542","dpz831y","1.0893","0.0973","113","0.0074","7737","6250"
"543","dpz831z","1.3183","0.0658","76","0.0081","5219","773"
"544","dpz8320","0.5737","0.0286","35","0.0055","10019","1005"
"545","dpz8321","3.4749","0.0067","149","0.0081","10055","10895"
"546","dpz8322","2.0904","0.0476","42","0.0074","10245","10810"
"547","dpz8323","0.5317","0.1061","66","0.007","10055","10589"
"548","dpz8324","1.8106","0.0583","103","0.0081","10055","10895"
"549","dpz8325","0.5427","0.0104","16025","0.0055","10019","1005"
"550","dpz8326","1.0427","0.0938","128","0.0074","10055","10302"
"551","dpz8327","0.6594","0.0512","8342","0.0229","10293","10194"
"552","dpz8328","0.9661","0.1212","66","0.007","10100","10810"
"553","dpz8329","0.9536","0.3445","894","0.0081","10100","10824"
"554","dpz832b","2.1435","0.04","25","0.0074","10043","10895"
"555","dpz832c","0.8462","0.0313","7707","0.0074","10110","10810"
"556","dpz832d","0.6309","0.0638","188","0.0055","10019","1005"
"557","dpz832e","0.4973","0.0832","8591","0.0309","22600","8056"
"558","dpz832f","0.8973","0.0075","266","0.0089","10019","1005"
"559","dpz832g","0.6278","0.1561","6816","0.0217","19268","4619"
"560","dpz832h","0.5724","0.0099","55120","0.0081","24526","854"
"561","dpz832j","0.6395","0.0097","37335","0.007","7022","1604"
"562","dpz832k","0.6491","0.0655","275","0.0128","10019","1005"
"563","dpz832m","0.6213","0.0488","984","0.0096","10293","1005"
"564","dpz832n","1.0403","0.0492","61","0.0081","10110","10810"
"565","dpz832p","1.9815","0.0526","209","0.0081","10055","10895"
"566","dpz832q","0.8578","0.0542","1513","0.0081","6011","1034"
"567","dpz832r","1.238","0.0139","26629","0.0074","10043","10302"
"568","dpz832s","0.5948","0.108","815","0.0218","7773","709"
"569","dpz832t","0.4964","0.0395","2788","0.0055","10019","1005"
"570","dpz832u","0.5435","0.0446","224","0.0055","10019","1005"
"571","dpz832v","0.8699","0.1227","269","0.0159","10110","1005"
"572","dpz832w","1.1409","0.0233","43","0.0081","10171","10194"
"573","dpz832x","0.8835","0.1971","5358","0.0074","10110","10194"
"574","dpz832y","0.7696","0.0568","88","0.007","10110","10824"
"575","dpz832z","0.5554","0.0714","56","0.0089","10293","1005"
"576","dpz8330","0.8248","0.0313","96","0.007","10110","10810"
"577","dpz8331","0.9441","0.0133","75","0.0074","10110","10810"
"578","dpz8332","0.5438","0.1471","1802","0.0067","10043","1005"
"579","dpz8333","1.1605","0.0769","13","0.0074","10055","10302"
"580","dpz8334","2.6412","0.0222","45","0.0074","12364","538"
"581","dpz8335","0.6204","0.0659","258","0.0055","10019","1005"
"582","dpz8336","0.3714","0.1315","12559","0.0149","17090","14705"
"583","dpz8337","0.6436","0.1855","593","0.0086","10110","10824"
"584","dpz8338","0.9092","0.1473","292","0.0777","6505","1038"
"585","dpz8339","0.9056","0.0182","55","0.0152","16256","7818"
"586","dpz833b","1.1102","0.1159","164","0.0074","10110","10302"
"587","dpz833c","0.5606","0.0657","396","0.0118","14558","9693"
"588","dpz833d","0.5051","0.0533","806","0.0098","10293","1005"
"589","dpz833e","0.7105","0.0809","5139","0.06","10387","9463"
"590","dpz833f","0.6308","0.0989","91","0.0096","10301","10194"
"591","dpz833g","0.86","0.0241","249","0.0285","9004","7477"
"592","dpz833h","0.6033","0.0895","2906","0.0098","10245","1034"
"593","dpz833j","0.4935","0.0562","1209","0.0204","15189","17689"
"594","dpz833k","0.6382","0.0722","665","0.0375","6090","7101"
"595","dpz833m","0.606","0.0346","376","0.0055","10019","1005"
"596","dpz833n","0.5465","0.0703","1963","0.0074","9921","13919"
"597","dpz833p","0.5949","0.0526","38","0.0074","10325","10194"
"598","dpz833q","0.5144","0.0341","499","0.0055","10712","12944"
"599","dpz833r","0.6776","0.0442","249","0.0158","10019","1005"
"600","dpz833s","0.6994","0.0767","3338","0.0074","9780","18756"
"601","dpz833t","0.648","0.0982","1956","0.0055","10019","10194"
"602","dpz833u","1.0336","0.0913","5347","0.0081","10100","10194"
"603","dpz833v","0.587","0.08","4486","0.0086","10620","16007"
"604","dpz833w","0.7069","0.0647","201","0.0055","10325","25059"
"605","dpz833x","0.9453","0.0313","160","0.0074","10043","10194"
"606","dpz833y","0.7481","0.1098","601","0.0201","9502","3714"
"607","dpz833z","0.4962","0.0584","2227","0.0055","10019","1005"
"608","dpz8340","1.2791","0.157","841","0.0074","10055","10824"
"609","dpz8341","0.6632","0.0283","953","0.0098","10293","10194"
"610","dpz8342","1.5419","0.3171","41","0.0074","10110","10810"
"611","dpz8343","0.6883","0.0433","208","0.0055","10019","1005"
"612","dpz8344","0.8938","0.049","245","0.0074","10019","10194"
"613","dpz8345","1.3058","0.3582","67","0.0074","9841","2137"
"614","dpz8346","0.5975","0.0352","142","0.0055","10019","1005"
"615","dpz8347","0.3947","0.013","2545","0.0055","10019","1005"
"616","dpz8348","0.562","0.0887","1308","0.0055","10019","1005"
"617","dpz8349","0.6645","0.1579","57","0.0081","10110","10824"
"618","dpz834b","0.5268","0.0219","183","0.0055","10019","1005"
"619","dpz834c","0.6654","0.0769","52","0.007","10110","1005"
"620","dpz834d","0.4586","0.0706","8202","0.0098","15414","10194"
"621","dpz834e","1.0165","0.0612","49","0.0081","10110","10194"
"622","dpz834f","0.4318","0.1688","77","0.0081","10110","10895"
"623","dpz834g","0.8249","0.1255","996","0.007","10110","10824"
"624","dpz834h","1.344","0.1733","606","0.0074","10100","10824"
"625","dpz834j","1.1342","0.0345","29","0.0074","10245","10302"
"626","dpz834m","0.7238","0.1556","45","0.0081","10110","10194"
"627","dpz834n","0.8025","0.0709","1311","0.0067","10055","1005"
"628","dpz834p","1.1879","0.2305","295","0.0074","10110","10302"
"629","dpz834q","1.0048","0.0206","194","0.0074","10043","10194"
"630","dpz834r","0.6926","0.3","20","0.0074","10110","10895"
"631","dpz834s","0.5372","0.0685","511","0.0074","10171","1005"
"632","dpz834t","1.0361","0.025","40","0.0081","9481","4598"
"633","dpz834u","0.6587","0.0656","305","0.0055","10019","1005"
"634","dpz834v","1.0402","0.142","169","0.0074","10110","10302"
"635","dpz834w","1.1078","0.1786","28","0.0074","10110","10302"
"636","dpz834x","0.8588","0.2105","19","0.0074","10110","10302"
"637","dpz834y","0.9845","0.0385","26","0.0081","10043","10194"
"638","dpz834z","0.4284","0.5455","11","0.0081","10110","10895"
"639","dpz8350","0.7979","0.0833","744","0.0067","10100","10824"
"640","dpz8351","0.8398","0.2857","35","0.0074","10334","2241"
"641","dpz8352","0.6212","0.0175","57","0.0074","10110","10194"
"642","dpz8353","1.7157","0.1111","27","0.0246","14329","8776"
"643","dpz8354","1.1407","0.0521","96","0.0074","10110","10810"
"644","dpz8355","0.7781","0.0346","2024","0.0055","10055","1005"
"645","dpz8356","0.9826","0.2694","438","0.0074","10110","10302"
"646","dpz8357","1.2826","0.1034","474","0.0081","10110","10302"
"647","dpz8358","0.7306","0.0472","106","0.0074","10019","1005"
"648","dpz8359","0.7563","0.0738","488","0.0081","10055","1005"
"649","dpz835b","0.3922","0.0091","660","0.0067","10043","10194"
"650","dpz835c","1.0391","0.2286","35","0.0074","10110","10302"
"651","dpz835d","1.0151","0.3429","70","0.0081","9614","3907"
"652","dpz835e","0.8964","0.0417","24","0.0081","10110","10194"
"653","dpz835f","0.875","0.0631","491","0.0081","10055","1005"
"654","dpz835g","0.6649","0.0524","592","0.0074","10110","10302"
"655","dpz835h","2.8918","0.0417","24","0.0081","10055","10895"
"656","dpz835j","0.8736","0.0783","2631","0.0081","10100","10194"
"657","dpz835k","1.2684","0.0294","34","0.0074","10245","10302"
"658","dpz835m","1.4792","0.1034","29","0.0074","10110","10810"
"659","dpz835n","1.1101","0.1111","90","0.0074","10100","10824"
"660","dpz835p","0.5968","0.1541","714","0.0086","8810","2635"
"661","dpz835q","1.2559","0.0333","30","0.0074","10245","10302"
"662","dpz835r","0.6609","0.2703","37","0.0099","6586","7440"
"663","dpz835s","1.112","0.2301","226","0.0074","10055","3491"
"664","dpz835t","1.4704","0.1818","11","0.0074","10110","10810"
"665","dpz835u","0.8313","0.1414","396","0.0074","10100","10194"
"666","dpz835v","0.5549","0.0396","101","0.0055","10019","1005"
"667","dpz835w","0.5884","0.0313","32","0.0074","14353","10810"
"668","dpz835x","0.6416","0.0725","4965","0.0146","10100","1005"
"669","dpz835y","1.2475","0.05","20","0.007","10110","10302"
"670","dpz835z","0.8798","0.1471","68","0.0074","10100","10824"
"671","dpz8360","0.8066","0.4964","137","0.007","10110","10824"
"672","dpz8361","0.6842","0.069","203","0.0067","15709","19460"
"673","dpz8362","1.046","0.0351","57","0.0086","9635","5444"
"674","dpz8363","0.8398","0.0897","78","0.007","10055","10824"
"675","dpz8364","1.0894","0.1326","362","0.0081","10110","10302"
"676","dpz8365","1.4282","0.2679","56","0.0283","8832","11307"
"677","dpz8366","1.8195","0.0345","58","0.0074","10245","10810"
"678","dpz8367","1.51","0.1372","277","0.0074","10110","10810"
"679","dpz8368","0.751","0.1192","369","0.0081","10100","10194"
"680","dpz8369","1.4346","0.1231","65","0.0081","10110","10824"
"681","dpz836b","0.8859","0.0385","26","0.0081","11107","26960"
"682","dpz836c","0.931","0.1429","91","0.0074","7630","9393"
"683","dpz836d","0.8717","0.0957","460","0.0081","10055","10895"
"684","dpz836e","0.6926","0.1947","226","0.0067","10019","10589"
"685","dpz836f","1.118","0.0741","27","0.0081","10171","10824"
"686","dpz836g","0.4247","0.0218","413","0.007","11610","4911"
"687","dpz836h","0.7927","0.1375","240","0.031","10245","10194"
"688","dpz836j","0.6753","0.0895","8466","0.032","9183","24081"
"689","dpz836k","0.7269","0.2917","168","0.007","10110","10895"
"690","dpz836m","0.9799","0.0615","244","0.0086","10110","1034"
"691","dpz836n","0.6107","0.1784","1996","0.041","8831","5417"
"692","dpz836p","0.8154","0.0769","351","0.0086","10100","10194"
"693","dpz836q","0.8694","0.1046","459","0.0081","10055","10895"
"694","dpz836r","1.0129","0.0472","360","0.0081","7554","3438"
"695","dpz836s","0.6948","0.3824","34","0.0074","10110","10895"
"696","dpz836t","0.9978","0.1071","28","0.0086","10110","10302"
"697","dpz836u","0.9829","0.0455","22","0.0081","10171","10302"
"698","dpz836v","0.6996","0.0588","17","0.0067","10043","10194"
"699","dpz836w","1.139","0.0144","347","0.0081","10171","10810"
"700","dpz836x","0.5023","0.125","24","0.0055","10043","10895"
"701","dpz836y","0.6685","0.0979","286","0.007","10019","10194"
"702","dpz836z","0.6699","0.0562","8897","0.0074","23658","7660"
"703","dpz8370","0.8047","0.0915","164","0.007","10110","10194"
"704","dpz8371","0.5755","0.1488","605","0.0074","10110","10912"
"705","dpz8372","0.6916","0.022","91","0.0096","10293","10194"
"706","dpz8373","1.2798","0.1111","18","0.0074","10110","10810"
"707","dpz8374","1.3928","0.1034","29","0.0074","10110","10810"
"708","dpz8375","1.1028","0.1207","116","0.0074","10110","1034"
"709","dpz8376","0.5023","0.006","496","0.007","10043","1038"
"710","dpz8377","0.8309","0.1014","69","0.0074","10100","10824"
"711","dpz8378","0.9864","0.1667","126","0.0081","10110","7346"
"712","dpz8379","0.6475","0.0897","145","0.0055","10019","10194"
"713","dpz837b","0.9642","0.0833","36","0.0086","10110","1034"
"714","dpz837c","0.6946","0.037","108","0.0067","13259","16624"
"715","dpz837d","0.5381","0.0395","430","0.0074","10019","1034"
"716","dpz837e","1.182","0.0526","38","0.0081","10110","10824"
"717","dpz837f","1.0452","0.0494","81","0.0081","10100","10824"
"718","dpz837g","0.6773","0.1863","483","0.0086","11346","7722"
"719","dpz837h","0.6415","0.0721","111","0.0055","10100","11071"
"720","dpz837j","1.1931","0.0476","21","0.007","10171","10824"
"721","dpz837k","1.562","0.0938","32","0.0074","10110","10810"
"722","dpz837m","0.7198","0.0641","156","0.0055","10043","10194"
"723","dpz837n","0.639","0.089","382","0.0081","10043","1034"
"724","dpz837p","0.5975","0.0815","12005","0.0067","30191","28927"
"725","dpz837q","0.6724","0.0764","9395","0.0098","26595","17276"
"726","dpz837r","0.5765","0.0615","846","0.0081","10100","10912"
"727","dpz837s","0.9407","0.0522","134","0.0074","10110","10302"
"728","dpz837t","1.463","0.0469","128","0.007","10171","10824"
"729","dpz837u","1.1734","0.0682","44","0.0081","10110","10824"
"730","dpz837v","0.7336","0.0909","77","0.0067","10100","10895"
"731","dpz837w","0.5639","0.0165","121","0.04","25653","9081"
"732","dpz837x","0.7464","0.0144","208","0.0055","10019","1005"
"733","dpz837y","1.7618","0.0364","55","0.0081","10171","10810"
"734","dpz837z","0.5917","0.1429","14","0.0074","10043","1038"
"735","dpz8380","2.3111","0.093","43","0.0074","6665","2434"
"736","dpz8381","0.5016","0.0873","126","0.0055","10019","1005"
"737","dpz8382","0.6143","0.1828","1581","0.0081","22733","1895"
"738","dpz8383","0.5893","0.0167","5385","0.007","10171","1038"
"739","dpz8384","1.5363","0.0625","16","0.007","10171","10824"
"740","dpz8385","0.6741","0.0769","169","0.007","10019","1005"
"741","dpz8386","0.6062","0.0445","1954","0.0055","7069","1587"
"742","dpz8387","0.5561","0.1595","1229","0.014","7181","2104"
"743","dpz8388","1.5418","0.0702","242","0.007","10171","10824"
"744","dpz8389","3.5516","0.0435","23","0.007","10171","10824"
"745","dpz838b","2.3852","0.0667","45","0.0074","10171","10824"
"746","dpz838c","1.8993","0.0436","275","0.007","10171","10824"
"747","dpz838d","2.1345","0.0113","177","0.007","10171","10824"
"748","dpz838e","0.6456","0.018","20263","0.0055","10019","1005"
"749","dpz838f","0.4772","0.0429","303","0.0055","6151","1675"
"750","dpz838g","0.7917","0.0205","1317","0.031","10043","10810"
"751","dpz838h","1.3386","0.125","16","0.0074","10110","10810"
"752","dpz838j","0.7305","0.0833","36","0.0081","10100","10194"
"753","dpz838k","0.8198","0.0967","331","0.0133","9230","4629"
"754","dpz838m","0.7021","0.1757","148","0.007","10019","10589"
"755","dpz838n","0.6051","0.1458","48","0.0074","10100","10895"
"756","dpz838q","1.1548","0.1944","72","0.0074","10100","10824"
"757","dpz838r","0.7608","0.3488","43","0.0081","10100","10824"
"758","dpz838s","0.5423","0.0082","20919","0.0089","24814","7285"
"759","dpz838t","0.5189","0.03","466","0.007","10019","1034"
"760","dpz838u","0.8029","0.1343","5286","0.0081","15023","12237"
"761","dpz838v","0.4431","0.0034","18943","0.0074","10019","1005"
"762","dpz838w","0.5994","0.0422","782","0.0074","10110","10912"
"763","dpz838x","1.0075","0.0677","133","0.0081","11043","12772"
"764","dpz838y","0.7639","0.0034","17151","0.0055","17008","13149"
"765","dpz838z","0.8204","0.0781","2201","0.0169","18261","7776"
"766","dpz8390","0.6178","0.0345","58","0.007","10110","1038"
"767","dpz8391","1.2488","0.0417","24","0.0074","10110","10824"
"768","dpz8392","0.6542","0.0427","750","0.0074","10110","10912"
"769","dpz8393","0.5729","0.0483","724","0.0074","11290","31351"
"770","dpz8394","2.1182","0.0714","28","0.007","10171","10824"
"771","dpz8395","1.4204","0.1","30","0.0548","10100","10824"
"772","dpz8396","0.7511","0.045","3020","0.0055","10019","1005"
"773","dpz8397","1.0919","0.1062","989","0.0074","16857","17564"
"774","dpz8398","0.6293","0.0339","620","0.007","10110","10810"
"775","dpz8399","0.4374","0.0665","1249","0.0098","9034","17868"
"776","dpz839b","0.603","0.0558","394","0.0096","8437","25628"
"777","dpz839c","0.5306","0.0774","3733","0.014","16694","8406"
"778","dpz839d","0.5383","0.0903","1461","0.0081","18390","18152"
"779","dpz839e","0.4511","0.0767","939","0.0067","5575","32338"
"780","dpz839f","0.4979","0.0281","391","0.0074","12474","20091"
"781","dpz839g","0.7136","0.0313","447","0.0081","10100","1034"
"782","dpz839h","1.703","0.0385","26","0.007","10171","10824"
"783","dpz839j","1.2356","0.0204","49","0.0086","10171","10810"
"784","dpz839k","1.8305","0.0278","72","0.0081","10171","10810"
"785","dpz839m","1.046","0.0213","47","0.0081","10110","10824"
"786","dpz839n","0.5133","0.0164","61","0.007","10171","1038"
"787","dpz839p","0.7166","0.0077","19118","0.0081","10019","1005"
"788","dpz839q","1.1922","0.0723","83","0.045","10100","10824"
"789","dpz839r","2.1835","0.0517","58","0.0081","10171","10810"
"790","dpz839s","0.6955","0.05","580","0.0074","10100","10810"
"791","dpz839t","0.7815","0.0564","691","0.0074","18965","17115"
"792","dpz839u","0.512","0.033","546","0.0415","10301","1038"
"793","dpz839v","0.4069","0.0589","883","0.0067","15543","47561"
"794","dpz839w","0.4487","0.0596","2315","0.0074","10019","1005"
"795","dpz839x","0.8231","0.0616","2061","0.0067","10996","10950"
"796","dpz839y","0.595","0.08","1676","0.0392","10100","1034"
"797","dpz839z","0.5619","0.0288","1251","0.0256","13620","26656"
"798","dpz83b2","0.6047","0.0455","22","0.0055","10043","10194"
"799","dpz83b3","0.6439","0.1429","14","0.0074","10055","1034"
"800","dpz83b8","0.6567","0.086","1477","0.0462","10055","10194"
"801","dpz83b9","1.0328","0.1077","418","0.0086","10110","10824"
"802","dpz83bb","0.6629","0.1443","4996","0.0259","10100","10895"
"803","dpz83bc","1.1027","0.1316","38","0.0261","9669","1160"
"804","dpz83bd","1.5559","0.1471","34","0.0074","10100","10810"
"805","dpz83be","0.5465","0.0874","183","0.0067","10019","10302"
"806","dpz83bf","1.0572","0.0103","1260","0.0873","10245","10912"
"807","dpz83bg","0.8075","0.0096","104","0.0074","10019","1005"
"808","dpz83bs","0.4952","0.0287","209","0.0055","10019","1005"
"809","dpz83bu","1.3362","0.0435","46","0.0086","10171","10824"
"810","dpz83c0","0.8954","0.0113","19979","0.0086","10520","2020"
"811","dpz83c1","1.6589","0.0238","42","0.0074","10110","10824"
"812","dpz83c2","2.1806","0.2635","148","0.0074","10171","10810"
"813","dpz83c3","1.4557","0.1111","18","0.0081","10100","10824"
"814","dpz83c4","1.7022","0.0192","104","0.007","10171","10824"
"815","dpz83c5","1.1646","0.0285","6625","0.0074","10110","10824"
"816","dpz83c6","1.3522","0.0211","4073","0.0081","10110","10895"
"817","dpz83c7","1.4052","0.0795","264","0.0074","10110","10824"
"818","dpz83c8","0.6586","0.0547","256","0.0055","10043","1034"
"819","dpz83c9","1.4128","0.0577","52","0.0086","10171","10824"
"820","dpz83cb","0.8938","0.0733","3532","0.0303","10100","10895"
"821","dpz83cc","0.6761","0.0598","2057","0.024","10467","7381"
"822","dpz83cd","0.9773","0.2335","2270","0.0074","4006","5271"
"823","dpz83ce","1.0765","0.0706","170","0.0081","10110","10810"
"824","dpz83cf","0.876","0.3276","3071","0.0074","10100","10824"
"825","dpz83cg","0.7618","0.2424","33","0.0213","12239","5396"
"826","dpz83ch","1.7854","0.0984","4603","0.0086","10110","10810"
"827","dpz83cj","1.0466","0.0836","1160","0.0674","7542","922"
"828","dpz83ck","1.1976","0.0171","35073","0.0081","22735","1895"
"829","dpz83cm","1.1146","0.1471","170","0.0086","10110","10810"
"830","dpz83cn","1.3469","0.0044","225","0.1527","10110","10824"
"831","dpz83cp","0.5964","0.1912","502","0.0081","10171","10895"
"832","dpz83cq","2.1253","0.0133","75","0.0081","10171","10810"
"833","dpz83cr","1.6087","0.2788","789","0.0222","6142","717"
"834","dpz83cs","0.6738","0.0129","310","0.013","10100","1005"
"835","dpz83ct","0.9662","0.0017","31200","0.0086","10110","10895"
"836","dpz83cu","0.6741","0.0256","39","0.007","10100","1005"
"837","dpz83cv","0.8213","0.125","32","0.0081","10110","10824"
"838","dpz83cw","1.219","0.0909","55","0.0081","10110","10895"
"839","dpz83cx","1.3976","0.1242","6127","0.0086","13327","952"
"840","dpz83cy","0.7536","0.0714","28","0.0055","10245","10810"
"841","dpz83cz","0.7085","0.015","2064","0.0055","10100","1005"
"842","dpz83d0","0.5067","0.173","5404","0.0074","10171","10895"
"843","dpz83d1","0.4554","0.0964","9299","0.0213","20740","5715"
"844","dpz83d2","0.6682","0.1235","12004","0.0081","23078","10824"
"845","dpz83d3","0.4431","0.0883","1586","0.0184","9677","11122"
"846","dpz83d4","0.4715","0.0593","793","0.0074","14130","9142"
"847","dpz83d5","0.6139","0.078","282","0.0055","8550","6037"
"848","dpz83d6","0.3977","0.0843","2336","0.0055","10043","1005"
"849","dpz83d7","0.6112","0.0523","459","0.0096","10293","1038"
"850","dpz83d8","1.6955","0.0294","34","0.0492","10110","10824"
"851","dpz83d9","0.4523","0.0354","113","0.0081","10019","1005"
"852","dpz83db","0.7165","0.0602","133","0.0055","10055","10302"
"853","dpz83dc","0.7016","0.0755","53","0.0096","10171","10589"
"854","dpz83dd","0.7092","0.0305","131","0.007","10043","1005"
"855","dpz83de","0.5261","0.0425","1059","0.0177","10019","1005"
"856","dpz83df","0.8083","0.16","25","0.0081","10110","10895"
"857","dpz83dg","0.6448","0.0292","137","0.0424","9430","9629"
"858","dpz83dh","0.3976","0.0327","1254","0.0055","16489","28424"
"859","dpz83dj","0.4533","0.0531","339","0.0553","10100","10302"
"860","dpz83dk","0.4731","0.0276","434","0.0074","10403","26445"
"861","dpz83dm","0.4838","0.0705","2029","0.0467","10100","10194"
"862","dpz83dn","0.576","0.0898","1358","0.0637","10911","14579"
"863","dpz83dp","0.7028","0.0461","152","0.007","10055","1005"
"864","dpz83dq","0.6074","0.0532","1956","0.0309","12454","11224"
"865","dpz83dr","0.5235","0.07","357","0.0098","9968","18326"
"866","dpz83ds","0.6427","0.0597","1274","0.017","15397","20612"
"867","dpz83dt","0.6805","0.0196","2852","0.0055","10956","21936"
"868","dpz83du","0.9072","0.0606","33","0.0086","10110","10895"
"869","dpz83dv","0.5585","0.0423","1277","0.0067","9525","15491"
"870","dpz83dw","0.4105","0.0759","6492","0.0089","11767","10589"
"871","dpz83dx","0.5086","0.0599","334","0.0081","10055","10302"
"872","dpz83dy","0.7566","0.0533","1051","0.0055","10043","10302"
"873","dpz83dz","0.6718","0.0632","95","0.0074","10171","10912"
"874","dpz83e0","0.5673","0.1141","482","0.0096","10171","17916"
"875","dpz83e1","0.7361","0.1144","1110","0.0081","10110","10895"
"876","dpz83e2","0.5951","0.0426","399","0.0164","10110","1005"
"877","dpz83e3","0.724","0.0843","1068","0.0089","10301","1038"
"878","dpz83e4","0.9536","0.0502","1515","0.02","9560","1864"
"879","dpz83e5","0.7144","0.1429","42","0.0081","10100","10895"
"880","dpz83e6","0.4917","0.0819","8649","0.0055","16598","31918"
"881","dpz83e7","0.401","0.049","449","0.0074","10043","1038"
"882","dpz83e8","0.5587","0.037","270","0.0055","9443","7916"
"883","dpz83e9","0.9021","0.0145","415","0.0373","10100","1005"
"884","dpz83eb","0.6853","0.0172","349","0.007","10100","1005"
"885","dpz83ec","0.511","0.0319","470","0.0285","19660","12211"
"886","dpz83ed","0.9308","0.0675","163","0.007","12509","16952"
"887","dpz83ee","0.434","0.077","922","0.0055","10110","10895"
"888","dpz83ef","2.0266","0.0465","43","0.0074","10110","10824"
"889","dpz83eg","0.7289","0.0907","970","0.007","10019","21562"
"890","dpz83eh","0.7844","0.1304","23","0.0086","10171","10895"
"891","dpz83ej","0.4903","0.065","200","0.0067","5644","3945"
"892","dpz83ek","0.4297","0.0619","4536","0.0283","10925","34615"
"893","dpz83em","0.5239","0.3263","377","0.0081","8889","10912"
"894","dpz83en","0.6016","0.0611","131","0.0055","8842","6779"
"895","dpz83ep","0.532","0.0812","197","0.0067","11028","6952"
"896","dpz83eq","0.4706","0.0844","154","0.0055","10019","10302"
"897","dpz83er","0.4434","0.0727","4169","0.0074","13764","10302"
"898","dpz83es","0.8907","0.0488","41","0.02","4591","11381"
"899","dpz83et","0.7858","0.1176","34","0.0086","10110","10895"
"900","dpz83eu","1.75","0.0408","49","0.0081","10110","10895"
"901","dpz83ev","0.4555","0.0197","152","0.0055","10019","10194"
"902","dpz83ew","0.9397","0.0361","194","0.007","7288","23017"
"903","dpz83ex","0.5632","0.1369","482","0.0096","10100","10810"
"904","dpz83ey","0.4601","0.0331","181","0.0129","10055","10302"
"905","dpz83ez","2.3766","0.0455","22","0.0074","10110","10824"
"906","dpz83f0","0.563","0.1513","423","0.0098","10110","10194"
"907","dpz83f1","0.6313","0.1427","4372","0.0099","12017","20866"
"908","dpz83f2","0.6163","0.0377","159","0.0055","13816","9692"
"909","dpz83f3","0.7208","0.0476","42","0.0096","10245","1038"
"910","dpz83f4","0.8281","0.0208","48","0.007","10100","1005"
"911","dpz83f5","0.6504","0.1283","14791","0.036","15662","13535"
"912","dpz83f6","0.9773","0.027","37","0.0099","10055","10895"
"913","dpz83f7","0.5134","0.2034","1465","0.0086","12960","7333"
"914","dpz83f8","0.5044","0.125","264","0.0055","10374","7179"
"915","dpz83f9","0.6029","0.038","526","0.0086","10293","1034"
"916","dpz83fb","0.8434","0.0488","82","0.0074","13867","11799"
"917","dpz83fc","0.4547","0.0714","84","0.0086","10293","1038"
"918","dpz83fd","0.9339","0.0302","298","0.0525","17770","7083"
"919","dpz83fe","0.7623","0.0439","592","0.0267","9398","2697"
"920","dpz83ff","0.6644","0.1509","3891","0.0304","14487","3368"
"921","dpz83fg","0.7806","0.0519","77","0.0089","8880","2605"
"922","dpz83fh","0.8417","0.0729","329","0.0125","7485","6045"
"923","dpz83fj","0.6408","0.0345","29","0.0067","10293","1034"
"924","dpz83fk","0.4375","0.0952","21","0.0089","6632","11774"
"925","dpz83fm","0.579","0.1338","2309","0.0098","10293","4473"
"926","dpz83fn","0.7058","0.0686","175","0.0086","6830","2825"
"927","dpz83fp","0.5676","0.0703","811","0.0086","10301","1038"
"928","dpz83fq","0.4495","0.0591","372","0.0115","10245","2092"
"929","dpz83fr","0.6937","0.0879","842","0.0089","10245","10589"
"930","dpz83fs","0.7426","0.0857","70","0.0275","8624","3453"
"931","dpz83ft","0.5887","0.1111","108","0.0171","11996","5275"
"932","dpz83fu","0.8725","0.071","169","0.0067","10110","10824"
"933","dpz83fv","0.5583","0.1073","4883","0.0289","14364","5606"
"934","dpz83fw","0.8104","0.048","999","0.0566","10171","10810"
"935","dpz83fx","0.8591","0.0599","5864","0.0143","10110","10912"
"936","dpz83fy","1.2136","0.0625","64","0.0074","10100","10895"
"937","dpz83fz","0.6602","0.2456","57","0.0081","10171","10895"
"938","dpz83g0","1.377","0.1014","148","0.0074","10110","10824"
"939","dpz83g1","0.5344","0.0878","5504","0.0216","15846","3747"
"940","dpz83g2","1.0962","0.0345","406","0.0074","10100","10912"
"941","dpz83g3","0.6391","0.0704","1207","0.0229","10325","10589"
"942","dpz83g4","0.5002","0.0614","1970","0.0089","10245","1038"
"943","dpz83g5","0.7192","0.0161","62","0.0089","10293","1038"
"944","dpz83g6","0.8967","0.0984","122","0.0067","10171","10810"
"945","dpz83g7","0.5573","0.0557","449","0.0098","10043","10824"
"946","dpz83g8","0.7358","0.0672","536","0.0089","10293","1038"
"947","dpz83g9","0.5143","0.069","449","0.0096","17835","5858"
"948","dpz83gb","0.8808","0.0938","160","0.0067","14566","293"
"949","dpz83gc","1.1381","0.0952","21","0.0081","10110","10824"
"950","dpz83gd","0.6677","0.1236","720","0.0089","10245","1038"
"951","dpz83ge","0.5733","0.0951","652","0.0089","10293","1034"
"952","dpz83gf","0.8989","0.2179","78","0.0081","10055","10912"
"953","dpz83gg","0.652","0.0288","278","0.0067","11697","5541"
"954","dpz83gh","0.619","0.0339","3153","0.0089","11522","4268"
"955","dpz83gj","1.0779","0.1053","19","0.0086","10100","10895"
"956","dpz83gk","0.9599","0.063","1413","0.0067","9862","3786"
"957","dpz83gm","1.202","0.1798","89","0.0081","10110","10895"
"958","dpz83gn","1.3557","0.1959","97","0.0086","10110","10824"
"959","dpz83gp","0.9644","0.0286","35","0.0099","13355","705"
"960","dpz83gq","1.4954","0.0578","346","0.1447","10110","10824"
"961","dpz83gr","1.2013","0.1689","4873","0.0086","10110","10895"
"962","dpz83gs","0.4828","0.2381","21","0.0096","10110","10302"
"963","dpz83gt","0.9188","0.1458","144","0.0086","10110","10824"
"964","dpz83gu","0.6178","0.0526","19","0.0086","10293","10810"
"965","dpz83gv","0.7936","0.075","40","0.0096","6416","2459"
"966","dpz83gw","2.5981","0.137","146","0.0074","10110","10824"
"967","dpz83gx","1.8578","0.1186","118","0.0074","10110","10824"
"968","dpz83gy","0.7257","0.15","20","0.0098","10110","1034"
"969","dpz83gz","1.2448","0.2384","172","0.0081","11666","6698"
"970","dpz83h0","0.6506","0.0588","17","0.0089","10369","1931"
"971","dpz83h1","0.9389","0.15","40","0.0086","10110","10895"
"972","dpz83h4","0.631","0.0625","16","0.0086","10293","10810"
"973","dpz83hh","0.9763","0.0517","58","0.0081","10100","10912"
"974","dpz83hj","0.4308","0.0569","123","0.0086","10293","1038"
"975","dpz83hn","0.445","0.1227","4802","0.0096","13806","1391"
"976","dpz83hp","0.5738","0.1285","1852","0.007","10019","1038"
"977","dpz83k1","0.5041","0.0476","126","0.007","4436","7353"
"978","dpz83k4","0.7476","0.0693","303","0.0096","10293","10589"
"979","dpz83k5","0.6534","0.125","88","0.0089","10245","1038"
"980","dpz83kh","0.4581","0.0386","518","0.0074","10110","10824"
"981","dpz83kj","0.4205","0.1394","6679","0.0096","10100","10810"
"982","dpz83kn","0.3663","0.0748","1136","0.0086","10293","1034"
"983","dpz83kp","0.4937","0.0244","41","0.0074","10100","10810"
"984","dpz83s0","0.3591","0.1322","174","0.007","10019","1038"
"985","dpz83s1","0.4025","0.0754","1167","0.0086","10293","1034"
"986","dpz83s4","0.5991","0.087","46","0.0096","10301","1034"
"987","dpz83s5","0.4403","0.0711","197","0.0086","10293","1038"
"988","dpz83sh","0.4208","0.1379","58","0.0096","10055","10589"
"989","dpz83sj","0.3559","0.0439","2300","0.0086","10171","10589"
"990","dpz83sn","0.4058","0.0583","120","0.0086","10293","1038"
"991","dpz83sp","0.6194","0.1149","740","0.0089","10293","1034"
"992","dpz83u0","0.4133","0.023","5340","0.0074","10110","10824"
"993","dpz83u1","0.1308","0.0323","31","0.0081","10110","10589"
"994","dpz83u4","0.3783","0.1351","37","0.0098","10110","1005"
"995","dpz83u5","0.373","0.0091","6060","0.0074","10110","10824"
"996","dpz83uh","0.8222","0.2051","195","0.0081","10110","10895"
"997","dpz83uj","1.3424","0.3064","235","0.0081","10100","10824"
"998","dpz83un","1.7211","0.069","29","0.0074","10110","10824"
"999","dpz83up","0.3121","0.1","8139","0.0089","10301","1034"
"1000","dpz8610","0.8643","0.3776","98","0.0074","10100","10895"
"1001","dpz8612","1.2158","0.0451","2815","0.0074","10100","10895"
"1002","dpz8618","0.9144","0.0371","5477","0.007","10100","1005"
"1003","dpz861b","0.2559","0.2121","33","0.0098","10110","10302"
"1004","dpz8640","1.2193","0.04","25","0.0074","10100","10895"
"1005","dpz8642","0.4896","0.0818","110","0.0086","10293","1034"
"1006","dpz8648","0.3056","0.057","894","0.0086","10301","1038"
"1007","dpz864b","0.3501","0.1024","5759","0.0081","10171","1038"
"1008","dpz8650","0.4304","0.2609","23","0.0098","10110","10302"
"1009","dpz8652","0.4999","0.0452","531","0.0074","10110","10824"
"1010","dpz8658","0.2836","0.0458","8392","0.0086","10301","1038"
"1011","dpz865b","0.3053","0.0324","6882","0.0086","10301","1038"
"1012","dpz86h0","0.2801","0.0253","4312","0.0074","10110","10824"
