"","Geohash","AvgAcceleration","PercentOfVehicles","AvgMonthlyVolume","PercentCar","PercentMPV","PercentLDT","PercentMDT","PercentHDT","PercentOther","Count.Date","SeverityScore","IncidentsTotal","sum_acc_count","X8.Peak.Hr.Vehicle.Volume","X8.Peak.Hr.Pedestrian.Volume"
"1","dpz80qv",0.6423,0.055,19796,0.0361,0.1744,0.2553,0.0811,0.1178,0.3353,NA,NA,NA,4,NA,NA
"2","dpz80qy",0.3609,0.0436,13319,0.0334,0.1671,0.2425,0.0822,0.1203,0.3545,NA,0.0949,11,NA,NA,NA
"3","dpz80qz",0.6313,0.0165,7211,0.0352,0.1831,0.2756,0.0831,0.1201,0.3029,NA,0.0309,7,NA,NA,NA
"4","dpz80rh",0.3514,0.0397,18395,0.0373,0.1833,0.2615,0.0791,0.106,0.3328,NA,NA,NA,NA,NA,NA
"5","dpz80rj",0.5956,0.011,42932,0.0334,0.1745,0.2453,0.0768,0.1582,0.3118,2017-10-03,NA,NA,15,10490,252
"6","dpz80rk",0.4061,0.0368,6541,0.0403,0.1684,0.2268,0.0568,0.1334,0.3743,NA,NA,NA,1,NA,NA
"7","dpz80rm",2.0953,0.0278,36,0,0.1714,0.4286,0.0286,0.0857,0.2857,NA,NA,NA,NA,NA,NA
"8","dpz80rn",1.574,0.002,1971,0.0321,0.1679,0.2219,0.0801,0.1847,0.3133,NA,NA,NA,6,NA,NA
"9","dpz80rp",1.4055,0.0082,364,0.033,0.1264,0.2885,0.1099,0.1456,0.2966,NA,NA,NA,NA,NA,NA
"10","dpz80rq",1.4024,0.3532,1073,0.015,0.1957,0.2996,0.0431,0.0693,0.3773,NA,NA,NA,NA,NA,NA
"11","dpz80rr",2.4544,0.0526,19,0,0.0526,0.1579,0.0526,0.1579,0.579,NA,NA,NA,NA,NA,NA
"12","dpz80rs",0.3028,0.0152,5715,0.0291,0.1842,0.2166,0.0561,0.0776,0.4364,NA,NA,NA,NA,NA,NA
"13","dpz80rt",1.7218,0.2505,495,0.0182,0.1862,0.3401,0.0324,0.0931,0.33,NA,NA,NA,NA,NA,NA
"14","dpz80ru",0.4839,0.0175,57,0.0175,0.1053,0.2456,0.0351,0.1228,0.4737,NA,NA,NA,NA,NA,NA
"15","dpz80rv",1.7619,0.2009,423,0.0166,0.1825,0.3294,0.0332,0.1043,0.334,NA,NA,NA,5,NA,NA
"16","dpz80rw",1.2766,0.0313,128,0.0078,0.2266,0.3594,0.0078,0.0781,0.3203,NA,NA,NA,NA,NA,NA
"17","dpz80rx",2.018,0.2143,14,0,0.0769,0.1538,0,0,0.7693,NA,NA,NA,NA,NA,NA
"18","dpz80ry",1.09,0.1857,1201,0.0301,0.1814,0.2358,0.056,0.0477,0.449,NA,NA,NA,NA,NA,NA
"19","dpz80rz",1.0657,0.1258,302,0.0168,0.165,0.2593,0.0269,0.0606,0.4714,NA,NA,NA,NA,NA,NA
"20","dpz80wb",0.9161,0.0068,586,0.031,0.2276,0.2759,0.0655,0.1069,0.2931,NA,0.031,13,NA,NA,NA
"21","dpz80wc",1.1636,0.0769,13,0,0.0769,0.1538,0.0769,0.3077,0.3847,2018-01-24,NA,NA,2,27594,20
"22","dpz80wf",1.0626,0.0711,4315,0.0298,0.1993,0.1958,0.0626,0.1515,0.361,2011-05-03,0.0972,32,NA,5836,25
"23","dpz80wg",1.1552,0.0855,2526,0.0195,0.2036,0.1594,0.0625,0.1526,0.4024,NA,NA,NA,NA,NA,NA
"24","dpz80wu",0.4124,0.2091,220,0.0829,0.235,0.0599,0.1152,0.0737,0.4333,NA,NA,NA,NA,NA,NA
"25","dpz80wv",0.2434,0.0968,31,0,0.2903,0,0.0323,0.0645,0.6129,NA,NA,NA,NA,NA,NA
"26","dpz80wy",0.8008,0.0345,29,0,0.2069,0.0345,0.0345,0.069,0.6551,NA,NA,NA,NA,NA,NA
"27","dpz80x0",0.6243,0.05,20,0.05,0.1,0.15,0,0.25,0.45,NA,NA,NA,NA,NA,NA
"28","dpz80x1",0.9083,0.0275,36248,0.0347,0.157,0.2391,0.085,0.1704,0.3138,NA,NA,NA,3,NA,NA
"29","dpz80x2",1.7097,0.2318,302,0.0432,0.2126,0.3056,0.0399,0.0465,0.3522,NA,NA,NA,NA,NA,NA
"30","dpz80x3",1.4211,0.125,16,0,0.1875,0.1875,0,0.125,0.5,NA,NA,NA,NA,NA,NA
"31","dpz80x4",1.3525,0.0061,34944,0.0319,0.1657,0.2184,0.0839,0.1691,0.331,NA,NA,NA,NA,NA,NA
"32","dpz80x5",0.5154,0.1429,21,0,0.3333,0.0952,0.0476,0.381,0.1429,NA,NA,NA,NA,NA,NA
"33","dpz80x6",1.3671,0.1429,42,0.0714,0.1667,0.0952,0.0476,0.0714,0.5477,NA,NA,NA,NA,NA,NA
"34","dpz80x7",0.9477,0.0732,41,0,0.122,0.3171,0,0.2439,0.317,NA,NA,NA,NA,NA,NA
"35","dpz80x8",4.4035,0.0476,21,0,0.0952,0.0476,0,0.2857,0.5715,NA,NA,NA,NA,NA,NA
"36","dpz80x9",1.0382,0.25,16,0,0.1875,0.375,0,0,0.4375,NA,NA,NA,NA,NA,NA
"37","dpz80xb",1.892,0.3263,475,0.0042,0.1564,0.2241,0.0169,0.0423,0.5561,NA,NA,NA,NA,NA,NA
"38","dpz80xc",0.6325,0.1334,697,0.0101,0.2141,0.2083,0.0216,0.0417,0.5042,NA,NA,NA,2,NA,NA
"39","dpz80xd",1.0407,0.2021,574,0.021,0.2238,0.2465,0.0227,0.0629,0.4231,NA,NA,NA,NA,NA,NA
"40","dpz80xe",0.6601,0.1116,7501,0.0282,0.2,0.1856,0.0571,0.1196,0.4095,NA,NA,NA,NA,NA,NA
"41","dpz80xf",0.4672,0.1688,154,0.0131,0.1307,0.2418,0.0261,0.0392,0.5491,NA,NA,NA,NA,NA,NA
"42","dpz80xg",0.5522,0.1017,118,0.0085,0.2393,0.2137,0.1197,0.0769,0.3419,2016-04-25,NA,NA,NA,6472,388
"43","dpz80xh",0.5262,0.1111,54,0,0.2407,0.2222,0.0741,0.0741,0.3889,2015-11-12,NA,NA,NA,6794,142
"44","dpz80xj",0.7364,0.0233,43,0.0488,0.2683,0.122,0.0488,0.0732,0.4389,NA,NA,NA,NA,NA,NA
"45","dpz80xk",1.2009,0.0961,5068,0.0264,0.1963,0.1822,0.0572,0.1414,0.3965,NA,NA,NA,4,NA,NA
"46","dpz80xm",0.7892,0.0028,31806,0.0308,0.1638,0.2123,0.0859,0.1742,0.333,NA,NA,NA,NA,NA,NA
"47","dpz80xn",0.7289,0.3158,19,0,0.3333,0.3889,0.0556,0.1667,0.0555,NA,NA,NA,NA,NA,NA
"48","dpz80xp",0.4967,0.0161,372,0.0436,0.2207,0.0899,0.0599,0.1063,0.4796,NA,NA,NA,NA,NA,NA
"49","dpz80xq",0.7477,0.0058,38171,0.0351,0.1607,0.2416,0.0803,0.1657,0.3166,NA,NA,NA,NA,NA,NA
"50","dpz80xr",1.8403,0.0233,43,0.0465,0.3488,0.1163,0.093,0.0465,0.3489,NA,NA,NA,4,NA,NA
"51","dpz80xs",1.4176,0.2,15,0.0667,0,0.2667,0,0.4,0.2666,NA,NA,NA,NA,NA,NA
"52","dpz80xt",0.6167,0.2712,59,0,0.0678,0.2373,0.1356,0.0508,0.5085,NA,NA,NA,NA,NA,NA
"53","dpz80xu",0.425,0.1415,2862,0.0232,0.223,0.216,0.066,0.079,0.3928,NA,NA,NA,NA,NA,NA
"54","dpz80xv",0.6147,0.1333,15,0,0.2143,0.2143,0.0714,0,0.5,NA,NA,NA,NA,NA,NA
"55","dpz80xw",1.3636,0.1364,22,0.0455,0.0455,0.3182,0.0455,0.0455,0.4998,NA,NA,NA,NA,NA,NA
"56","dpz80xx",1.1224,0.0041,18604,0.0304,0.1486,0.2192,0.0869,0.1793,0.3356,NA,NA,NA,NA,NA,NA
"57","dpz80xy",0.833,0.1364,44,0.0227,0.3636,0.1364,0.0227,0.25,0.2046,NA,NA,NA,NA,NA,NA
"58","dpz80xz",0.8378,0.3075,452,0.0022,0.2124,0.3429,0.0929,0.0708,0.2788,NA,NA,NA,NA,NA,NA
"59","dpz80yb",0.4482,0.12,1100,0.0458,0.1962,0.1778,0.0724,0.1146,0.3932,NA,NA,NA,NA,NA,NA
"60","dpz80yc",1.138,0.2308,13,0.1538,0.1538,0.5385,0.0769,0,0.077,NA,NA,NA,NA,NA,NA
"61","dpz80yf",0,0,10,0.1,0.2,0,0.1,0.2,0.4,NA,NA,NA,NA,NA,NA
"62","dpz80yg",1.4592,0.1111,45,0.1136,0.1818,0.2045,0.0455,0.1136,0.341,2009-12-07,NA,NA,NA,21367,121
"63","dpz80yu",0.384,0.0035,565,0.0461,0.1879,0.2181,0.0532,0.1206,0.3741,NA,NA,NA,NA,NA,NA
"64","dpz80yv",0.6245,0.0033,9314,0.0388,0.1606,0.2612,0.0691,0.1249,0.3454,NA,NA,NA,NA,NA,NA
"65","dpz80yy",1.1609,0.0897,78,0.039,0.1299,0.2338,0.026,0.2338,0.3375,NA,NA,NA,NA,NA,NA
"66","dpz80yz",0.688,0.0652,184,0.0333,0.2944,0.1167,0.0222,0.0889,0.4445,NA,NA,NA,NA,NA,NA
"67","dpz80z0",0.8728,0.1628,43,0.0465,0.186,0.1628,0.0465,0.2093,0.3489,NA,NA,NA,NA,NA,NA
"68","dpz80z1",0.4336,0.0028,1073,0.0441,0.1897,0.1756,0.0714,0.1155,0.4037,NA,NA,NA,NA,NA,NA
"69","dpz80z2",0.7616,0.1176,34,0.0882,0.1765,0.1765,0.0294,0.2059,0.3235,NA,NA,NA,NA,NA,NA
"70","dpz80z3",0.4019,0.3223,301,0.0167,0.1906,0.2776,0.0502,0.1003,0.3646,NA,NA,NA,NA,NA,NA
"71","dpz80z4",1.2323,0.1429,14,0,0,0.0833,0,0.5833,0.3334,NA,NA,NA,NA,NA,NA
"72","dpz80z5",1.3655,0.25,16,0,0.3125,0.1875,0,0.0625,0.4375,2008-10-14,NA,NA,NA,1485,33
"73","dpz80z6",1.6803,0.2432,37,0,0.1714,0.5714,0,0.2286,0.0286,NA,NA,NA,NA,NA,NA
"74","dpz80z7",0.599,0.2182,55,0.0185,0.1667,0.5,0.0741,0.1296,0.1111,NA,NA,NA,NA,NA,NA
"75","dpz80z8",1.237,0.0079,46211,0.0344,0.1751,0.241,0.0785,0.1562,0.3148,NA,NA,NA,NA,NA,NA
"76","dpz80z9",1.7913,0.0833,12,0,0.0833,0.25,0.0833,0.1667,0.4167,NA,NA,NA,NA,NA,NA
"77","dpz80zb",0.8443,0.2782,133,0.0303,0.1136,0.4015,0.0606,0.0303,0.3637,NA,NA,NA,NA,NA,NA
"78","dpz80zc",2.3067,0.1875,16,0.1875,0,0.5625,0,0,0.25,NA,NA,NA,NA,NA,NA
"79","dpz80zd",0.8785,0.0042,45191,0.0376,0.1689,0.2542,0.0776,0.1562,0.3055,NA,NA,NA,NA,NA,NA
"80","dpz80ze",0.5884,0.1818,11,0,0,0.2727,0.2727,0.0909,0.3637,NA,NA,NA,NA,NA,NA
"81","dpz80zf",1.8507,0.1579,19,0.1579,0.1053,0.5263,0.0526,0,0.1579,NA,NA,NA,NA,NA,NA
"82","dpz80zg",1.1416,0.1429,14,0.2143,0.0714,0.5714,0,0,0.1429,NA,NA,NA,NA,NA,NA
"83","dpz80zh",0.2974,0.0174,805,0.0401,0.1892,0.1404,0.0739,0.1353,0.4211,NA,NA,NA,NA,NA,NA
"84","dpz80zj",0.3642,0.1875,64,0.125,0.2813,0.0781,0.2656,0,0.25,NA,NA,NA,NA,NA,NA
"85","dpz80zk",0.2845,0.007,426,0.0212,0.1792,0.158,0.0448,0.0849,0.5119,NA,NA,NA,NA,NA,NA
"86","dpz80zm",0.3504,0.0246,610,0.0347,0.2046,0.1419,0.0743,0.1056,0.4389,NA,NA,NA,NA,NA,NA
"87","dpz80zn",0.6772,0.2581,1228,0.0316,0.1646,0.1189,0.0648,0.1413,0.4788,2010-12-14,NA,NA,7,22009,120
"88","dpz80zp",0.729,0.04,25,0,0.08,0.16,0.04,0.32,0.4,NA,0.0109,4,NA,NA,NA
"89","dpz80zq",0.3231,0.1463,41,0.0488,0.1707,0.0976,0.0488,0.0976,0.5365,NA,NA,NA,NA,NA,NA
"90","dpz80zr",0.4367,0.3126,1043,0.0271,0.2161,0.1628,0.0349,0.1143,0.4448,NA,NA,NA,NA,NA,NA
"91","dpz80zs",1.5185,0.0256,39,0,0.1795,0.359,0.0769,0.1538,0.2308,NA,NA,NA,NA,NA,NA
"92","dpz80zt",0.6614,0.075,40,0,0.175,0.2,0,0.525,0.1,NA,NA,NA,NA,NA,NA
"93","dpz80zu",2.4524,0.0625,16,0.1875,0.125,0.1875,0.0625,0.1875,0.25,NA,NA,NA,NA,NA,NA
"94","dpz80zv",2.064,0.1538,13,0.0769,0.2308,0.3077,0,0.1538,0.2308,NA,NA,NA,NA,NA,NA
"95","dpz80zw",0.573,0.0468,299,0.0101,0.2349,0.2282,0.0671,0.1711,0.2886,NA,NA,NA,NA,NA,NA
"96","dpz80zx",1.1242,0.0935,9133,0.0383,0.1955,0.2104,0.0554,0.1139,0.3865,2018-01-24,NA,NA,4,11246,265
"97","dpz80zy",1.0319,0.0085,62144,0.0375,0.1715,0.2554,0.0773,0.1575,0.3008,NA,NA,NA,NA,NA,NA
"98","dpz80zz",0.8306,0.0057,48297,0.0384,0.1695,0.2582,0.0774,0.156,0.3005,NA,NA,NA,NA,NA,NA
"99","dpz81nv",0.462,0.1579,19,0,0.1579,0.4737,0,0.2105,0.1579,NA,NA,NA,NA,NA,NA
"100","dpz81ny",0.4271,0.0938,32,0,0.1563,0.3438,0.1875,0.125,0.1874,NA,NA,NA,NA,NA,NA
"101","dpz81nz",1.1275,0.0667,195,0.0513,0.241,0.2,0.0513,0.3795,0.0769,NA,NA,NA,NA,NA,NA
"102","dpz81p0",0.2169,0.0068,439,0.0437,0.1931,0.2529,0.0805,0.1379,0.2919,NA,NA,NA,NA,NA,NA
"103","dpz81p2",0.536,0.0667,15,0.0667,0.2,0,0.1333,0.3333,0.2667,2018-01-24,NA,NA,17,25571,163
"104","dpz81p3",0.4217,0.0217,92,0.0549,0.2418,0.4505,0.033,0,0.2198,NA,NA,NA,NA,NA,NA
"105","dpz81p6",0.3515,0.0118,85,0.0595,0.25,0.4524,0.0238,0,0.2143,NA,NA,NA,NA,NA,NA
"106","dpz81p7",0.5917,0.013,77,0.0526,0.25,0.4605,0.0263,0,0.2106,NA,NA,NA,NA,NA,NA
"107","dpz81p8",0.984,0.0714,14,0.0714,0,0.1429,0.0714,0.2857,0.4286,NA,NA,NA,NA,NA,NA
"108","dpz81p9",1.6411,0.0833,12,0,0.1667,0.1667,0.0833,0.3333,0.25,2011-11-03,NA,NA,NA,25651,56
"109","dpz81pb",1.2568,0.0145,138,0.029,0.1449,0.2754,0.0725,0.2464,0.2318,NA,NA,NA,NA,NA,NA
"110","dpz81pc",1.5418,0.0105,26985,0.0339,0.1562,0.2325,0.084,0.17,0.3234,2011-09-28,NA,NA,2,7407,517
"111","dpz81pd",0.4715,0.0339,59,0.0678,0.2034,0.1695,0.0169,0.1017,0.4407,NA,0.0159,3,NA,NA,NA
"112","dpz81pe",1.4467,0.0461,912,0.0386,0.215,0.1974,0.0386,0.0739,0.4365,NA,NA,NA,NA,NA,NA
"113","dpz81pf",1.0126,0.0047,46265,0.0372,0.1685,0.2556,0.0772,0.1585,0.303,NA,NA,NA,NA,NA,NA
"114","dpz81pg",1.0604,0.0064,13197,0.0364,0.1606,0.2327,0.0728,0.1479,0.3496,NA,NA,NA,NA,NA,NA
"115","dpz81pk",0.4228,0.125,16,0,0.4375,0.1875,0.0625,0.3125,0,NA,NA,NA,NA,NA,NA
"116","dpz81pm",0.3889,0.0345,29,0,0.3448,0.2069,0.1379,0,0.3104,NA,NA,NA,NA,NA,NA
"117","dpz81pn",0.6055,0.1463,123,0.0569,0.3089,0.1545,0.1057,0.0732,0.3008,NA,NA,NA,NA,NA,NA
"118","dpz81pp",0.5007,0.127,189,0.0476,0.4233,0.164,0.0847,0.0529,0.2275,NA,NA,NA,NA,NA,NA
"119","dpz81pq",0.4737,0.0641,312,0.039,0.3377,0.2273,0.0519,0.0292,0.3149,NA,NA,NA,NA,NA,NA
"120","dpz81pr",1.7373,0.0811,37,0.027,0.5135,0.1081,0.027,0.027,0.2974,NA,NA,NA,NA,NA,NA
"121","dpz81ps",0.6099,0.0826,109,0.0183,0.2752,0.1284,0.1009,0.2752,0.202,2011-05-26,NA,NA,2,20230,132
"122","dpz81pt",0.5336,0.063,11742,0.039,0.1765,0.2276,0.084,0.1154,0.3575,2011-05-26,NA,NA,4,21335,717
"123","dpz81pu",0.6275,0.1543,162,0.0437,0.3375,0.1313,0.0375,0.0313,0.4187,NA,NA,NA,NA,NA,NA
"124","dpz81pv",0.3961,0.1569,153,0.02,0.2333,0.1867,0.0333,0.0867,0.44,NA,NA,NA,4,NA,NA
"125","dpz81pw",1.3696,0.0133,75,0.0133,0.4933,0.24,0.0267,0.0267,0.2,NA,0.0407,5,NA,NA,NA
"126","dpz81px",0.5971,0.3291,3959,0.0239,0.1868,0.1259,0.0335,0.1048,0.5251,2014-04-22,0.029,4,NA,7829,1701
"127","dpz81py",0.7777,0.0924,2499,0.0194,0.1717,0.1142,0.0454,0.0867,0.5626,2013-05-27,NA,NA,17,26327,2277
"128","dpz81pz",1.0207,0.0357,56,0.0182,0.1273,0.1636,0.0182,0.2545,0.4182,NA,0.0286,5,NA,NA,NA
"129","dpz81qb",1.7805,0.0431,116,0.0517,0.2155,0.2155,0.0431,0.3793,0.0949,NA,NA,NA,NA,NA,NA
"130","dpz81qc",0.4692,0.1762,437,0.0137,0.1533,0.2494,0.0503,0.389,0.1443,NA,NA,NA,NA,NA,NA
"131","dpz81qf",0.4762,0.1486,249,0.008,0.1004,0.3574,0.0201,0.2851,0.229,NA,NA,NA,NA,NA,NA
"132","dpz81qg",1.0573,0.4407,801,0,0,0.0013,0,0.9567,0.042,NA,NA,NA,NA,NA,NA
"133","dpz81qu",0.3198,0.2222,27,0.037,0.1111,0.3333,0.0741,0.1852,0.2593,NA,NA,NA,NA,NA,NA
"134","dpz81r0",0.8249,0.0091,328,0.0214,0.1865,0.2783,0.0275,0.3517,0.1346,NA,NA,NA,NA,NA,NA
"135","dpz81r1",0.9446,0.0552,453,0.0177,0.1704,0.3119,0.0398,0.3164,0.1438,NA,NA,NA,NA,NA,NA
"136","dpz81r2",0.9477,0.0198,354,0.017,0.196,0.2784,0.0313,0.3381,0.1392,NA,NA,NA,NA,NA,NA
"137","dpz81r3",0.46,0.1639,61,0.0328,0.0984,0.2787,0.1803,0.082,0.3278,NA,NA,NA,NA,NA,NA
"138","dpz81r4",0.4692,0.02,50,0,0.18,0.56,0.02,0.1,0.14,NA,NA,NA,NA,NA,NA
"139","dpz81r5",0.3697,0.0329,152,0.0132,0.0987,0.3092,0.0329,0.2566,0.2894,NA,NA,NA,NA,NA,NA
"140","dpz81r8",1.0627,0.0182,55,0.0182,0.2727,0.0727,0.0364,0.2545,0.3455,NA,NA,NA,2,NA,NA
"141","dpz81r9",0.4699,0.1884,69,0,0.3333,0.029,0.029,0.1159,0.4928,NA,NA,NA,NA,NA,NA
"142","dpz81rb",0.7502,0.1628,3403,0.0242,0.2005,0.1745,0.0481,0.1225,0.4302,2012-02-22,NA,NA,3,5781,1156
"143","dpz81rc",0.8543,0.0183,383,0.05,0.2237,0.1684,0.0868,0.1289,0.3422,NA,NA,NA,NA,NA,NA
"144","dpz81rd",0.8059,0.2895,38,0,0.3684,0,0,0.1579,0.4737,NA,NA,NA,NA,NA,NA
"145","dpz81rf",0.372,0.0326,1167,0.0362,0.2276,0.1784,0.0483,0.1302,0.3793,NA,NA,NA,NA,NA,NA
"146","dpz81rg",0.8424,0.0588,68,0.0147,0.25,0.1176,0.0588,0.1618,0.3971,NA,NA,NA,NA,NA,NA
"147","dpz81ru",0.5432,0.0753,93,0.0323,0.1613,0.0753,0.0968,0.2473,0.387,2012-06-07,NA,NA,NA,8423,2887
"148","dpz81rv",0.5164,0.0241,83,0,0.1446,0.1807,0.0482,0.1205,0.506,NA,NA,NA,NA,NA,NA
"149","dpz81ry",0.3007,0.2,15,0,0,0.8667,0,0.0667,0.0666,NA,NA,NA,NA,NA,NA
"150","dpz822h",1.8403,0.0625,16,0.0625,0.125,0.1875,0.125,0.125,0.375,NA,NA,NA,NA,NA,NA
"151","dpz822j",0.7767,0.1003,309,0.0228,0.1759,0.228,0.0423,0.0879,0.4431,NA,NA,NA,NA,NA,NA
"152","dpz822k",0.5155,0.127,307,0.0197,0.177,0.2164,0.0393,0.0852,0.4624,NA,NA,NA,NA,NA,NA
"153","dpz822m",0.8521,0.0256,39,0.0256,0.2308,0.2051,0.0513,0.1026,0.3846,NA,NA,NA,NA,NA,NA
"154","dpz822n",1.0984,0.0256,39,0.0256,0.1795,0,0,0.0513,0.7436,2017-05-17,NA,NA,NA,9339,2582
"155","dpz822p",1.6766,0.0999,1121,0.0234,0.2264,0.2058,0.0494,0.0647,0.4303,NA,NA,NA,3,NA,NA
"156","dpz822q",0.6151,0.0071,987,0.0163,0.2004,0.1536,0.0336,0.0478,0.5483,NA,NA,NA,NA,NA,NA
"157","dpz822r",0.8035,0.0308,422,0.0216,0.1659,0.1346,0.0313,0.0625,0.5841,NA,NA,NA,NA,NA,NA
"158","dpz822s",0.3904,0.0844,6698,0.0171,0.2186,0.194,0.057,0.0995,0.4138,NA,NA,NA,NA,NA,NA
"159","dpz822t",0.6389,0.073,137,0.0073,0.1971,0.1241,0.0511,0.0949,0.5255,2011-08-25,NA,NA,6,7262,2643
"160","dpz822u",1.1444,0.0714,14,0,0,0.0714,0,0.1429,0.7857,NA,NA,NA,NA,NA,NA
"161","dpz822v",0.467,0.0612,278,0.0109,0.3188,0.1377,0.0254,0.0362,0.471,NA,NA,NA,NA,NA,NA
"162","dpz822w",0.6015,0.0517,3114,0.0242,0.226,0.1565,0.0469,0.087,0.4594,NA,NA,NA,NA,NA,NA
"163","dpz822x",1.2367,0.1413,269,0.0265,0.1894,0.1174,0.0455,0.0417,0.5795,2012-02-21,NA,NA,NA,8149,2065
"164","dpz822y",1.1426,0.019,105,0.0096,0.2981,0.1346,0.0385,0.0481,0.4711,NA,NA,NA,2,NA,NA
"165","dpz822z",1.1801,0.0116,86,0.0238,0.2262,0.1667,0.0476,0.0357,0.5,NA,NA,NA,NA,NA,NA
"166","dpz823h",0.6907,0.065,123,0,0.2358,0.0894,0.0488,0.0732,0.5528,NA,NA,NA,NA,NA,NA
"167","dpz823j",0.6334,0.0552,145,0,0.2483,0.1448,0.0345,0.0621,0.5103,NA,NA,NA,NA,NA,NA
"168","dpz823k",0.415,0.2807,171,0,0.2573,0.1579,0.0292,0.0351,0.5205,NA,NA,NA,NA,NA,NA
"169","dpz823m",0.9763,0.2123,1187,0.0195,0.2368,0.1528,0.0289,0.0611,0.5009,NA,NA,NA,NA,NA,NA
"170","dpz823n",0.6811,0.0257,817,0.0136,0.2367,0.1665,0.037,0.058,0.4882,NA,NA,NA,2,NA,NA
"171","dpz823p",0.376,0.0213,47,0,0.234,0.1915,0.0213,0.0213,0.5319,NA,NA,NA,NA,NA,NA
"172","dpz823q",1.3743,0.0843,83,0.0241,0.2771,0.1807,0.0361,0.0723,0.4097,NA,NA,NA,NA,NA,NA
"173","dpz823r",0.8565,0.0127,79,0.038,0.1899,0.2278,0.0886,0.0506,0.4051,NA,NA,NA,NA,NA,NA
"174","dpz823s",0.41,0.0667,60,0,0.3333,0.25,0,0.05,0.3667,NA,NA,NA,NA,NA,NA
"175","dpz823t",0.8469,0.1242,475,0.0212,0.2293,0.1677,0.0403,0.0573,0.4842,NA,NA,NA,NA,NA,NA
"176","dpz823u",0.3856,0.2838,148,0.0068,0.2534,0.2466,0.0479,0.1164,0.3289,NA,NA,NA,NA,NA,NA
"177","dpz823v",1.0675,0.2339,1304,0.024,0.2311,0.1662,0.0317,0.0618,0.4852,NA,NA,NA,NA,NA,NA
"178","dpz823w",0.735,0.0303,99,0.0309,0.2062,0.1649,0.0206,0.0825,0.4949,NA,NA,NA,NA,NA,NA
"179","dpz823x",0.6739,0.0629,302,0.0468,0.2007,0.2074,0.0535,0.0535,0.4381,NA,NA,NA,NA,NA,NA
"180","dpz823y",0.5311,0.0638,188,0.016,0.139,0.3422,0.0588,0.0535,0.3905,NA,NA,NA,NA,NA,NA
"181","dpz823z",0.6454,0.0685,73,0.1096,0.1781,0.2192,0.0274,0.1096,0.3561,NA,NA,NA,NA,NA,NA
"182","dpz826h",0.8405,0.083,916,0.0199,0.202,0.1589,0.0419,0.0795,0.4978,NA,NA,NA,NA,NA,NA
"183","dpz826j",1.3271,0.0811,37,0,0.1892,0.1081,0.027,0.3514,0.3243,NA,NA,NA,NA,NA,NA
"184","dpz826k",0.6525,0.1055,199,0.0101,0.5101,0.2626,0.0808,0.0303,0.1061,NA,NA,NA,NA,NA,NA
"185","dpz826m",1.0368,0.1111,18,0.0556,0.3333,0.1667,0,0.0556,0.3888,NA,NA,NA,NA,NA,NA
"186","dpz826n",0.8269,0.12,25,0,0.25,0.375,0,0,0.375,2015-06-04,NA,NA,NA,12271,141
"187","dpz826p",0.5352,0.0612,6063,0.0268,0.1799,0.1466,0.0547,0.1095,0.4825,2015-04-11,0.0096,4,8,14442,5244
"188","dpz826q",0.7008,0.0875,160,0.0253,0.1772,0.3165,0.0316,0.0443,0.4051,NA,NA,NA,NA,NA,NA
"189","dpz826r",0.8894,0.0647,139,0.0146,0.146,0.1752,0.0365,0.1971,0.4306,NA,0.0582,3,NA,NA,NA
"190","dpz826s",0.3733,0.0222,1664,0.0291,0.2308,0.1448,0.0472,0.0793,0.4688,NA,NA,NA,NA,NA,NA
"191","dpz826t",1.3086,0.2059,34,0,0.2647,0.2353,0,0,0.5,NA,NA,NA,NA,NA,NA
"192","dpz826u",1.1143,0.2138,145,0.0276,0.3172,0.1724,0.0138,0.0483,0.4207,NA,NA,NA,NA,NA,NA
"193","dpz826v",1.2356,0.2475,202,0.0248,0.2871,0.1535,0.0198,0.0495,0.4653,NA,NA,NA,NA,NA,NA
"194","dpz826w",1.2058,0.2105,38,0.0263,0.1579,0.1842,0.0526,0.0263,0.5527,2016-06-11,NA,NA,NA,14803,5131
"195","dpz826x",0.5605,0.142,8845,0.0257,0.1824,0.1562,0.0552,0.1035,0.477,NA,0.0148,3,5,NA,NA
"196","dpz826y",1.4057,0.2584,209,0.0239,0.2871,0.1531,0.0191,0.0431,0.4737,NA,NA,NA,NA,NA,NA
"197","dpz826z",2.4336,0.3375,160,0.0063,0.4873,0.1203,0.0316,0.0633,0.2912,NA,NA,NA,NA,NA,NA
"198","dpz827h",0.1863,0.0606,33,0,0.0909,0.1212,0.303,0.3636,0.1213,NA,NA,NA,NA,NA,NA
"199","dpz827j",1.6292,0.267,221,0.0731,0.1416,0.0457,0.1461,0.3562,0.2373,NA,NA,NA,NA,NA,NA
"200","dpz827k",0.4204,0.0569,123,0,0.1382,0.0325,0.0163,0.4634,0.3496,NA,NA,NA,NA,NA,NA
"201","dpz827m",0.5234,0.2821,1875,0.0339,0.1635,0.1205,0.0221,0.2044,0.4556,NA,0.0229,3,NA,NA,NA
"202","dpz827n",0.6823,0.0618,6307,0.0258,0.1556,0.1642,0.0528,0.1169,0.4847,2016-04-28,NA,NA,6,10922,378
"203","dpz827p",0.5855,0.129,411,0.0074,0.2148,0.2741,0.0247,0.0593,0.4197,NA,NA,NA,NA,NA,NA
"204","dpz827q",0.7169,0.0582,5976,0.0257,0.1523,0.1669,0.0547,0.1144,0.486,NA,NA,NA,NA,NA,NA
"205","dpz827s",0.5078,0.1447,850,0.0225,0.1706,0.1374,0.0723,0.1706,0.4266,NA,NA,NA,NA,NA,NA
"206","dpz827t",0.7403,0.1008,6312,0.0255,0.1522,0.1725,0.0572,0.1159,0.4767,2016-04-27,NA,NA,NA,11740,2516
"207","dpz827u",0.717,0.071,1957,0.0216,0.1516,0.1655,0.0473,0.112,0.502,NA,NA,NA,NA,NA,NA
"208","dpz827v",0.7797,0.1698,524,0.0192,0.1552,0.136,0.0843,0.2184,0.3869,NA,NA,NA,NA,NA,NA
"209","dpz827w",1.2113,0.1172,367,0.0356,0.126,0.3233,0.0356,0.0603,0.4192,NA,NA,NA,NA,NA,NA
"210","dpz827x",1.3225,0.1097,237,0.0427,0.1709,0.2821,0.0385,0.0769,0.3889,NA,NA,NA,NA,NA,NA
"211","dpz827y",0.9653,0.1325,166,0.0364,0.1697,0.2788,0.0242,0.097,0.3939,NA,NA,NA,NA,NA,NA
"212","dpz827z",1.4176,0.2126,508,0.0317,0.2396,0.2416,0.0455,0.0634,0.3782,NA,NA,NA,NA,NA,NA
"213","dpz8280",1.1134,0.1818,11,0,0.3636,0.2727,0,0.0909,0.2728,2015-10-07,NA,NA,NA,9259,2198
"214","dpz8281",3.6398,0.0435,23,0,0.087,0.1739,0.0435,0.1739,0.5217,NA,NA,NA,4,NA,NA
"215","dpz8282",1.9402,0.0526,38,0,0.2368,0.0789,0.0526,0.2895,0.3422,NA,NA,NA,NA,NA,NA
"216","dpz8283",0.8216,0.0638,188,0.016,0.2299,0.1337,0.0374,0.0588,0.5242,NA,NA,NA,NA,NA,NA
"217","dpz8284",0.603,0.4783,23,0,0.2609,0.4783,0.087,0,0.1738,2016-06-11,0.0139,3,5,13926,5310
"218","dpz8285",0.4943,0.1212,132,0.0077,0.2,0.2077,0.0615,0.1462,0.3769,NA,NA,NA,NA,NA,NA
"219","dpz8286",1.1311,0.0417,24,0,0.0833,0.2917,0,0.375,0.25,NA,NA,NA,NA,NA,NA
"220","dpz8287",1.5167,0.1087,46,0.0217,0.1522,0.4783,0.0652,0.1739,0.1087,NA,NA,NA,NA,NA,NA
"221","dpz8288",0.9252,0.101,99,0.0102,0.2245,0.102,0.0102,0.0102,0.6429,NA,NA,NA,NA,NA,NA
"222","dpz8289",1.8289,0.0714,28,0,0,0.2143,0.1071,0.1429,0.5357,NA,NA,NA,NA,NA,NA
"223","dpz828b",0.4249,0.0809,1385,0.0138,0.4584,0.0999,0.034,0.0543,0.3396,NA,NA,NA,NA,NA,NA
"224","dpz828c",0.7306,0.0319,1847,0.0223,0.1875,0.138,0.05,0.0848,0.5174,2016-06-11,0.0239,3,4,14622,6472
"225","dpz828d",0.7585,0.004,252,0.0397,0.2302,0.1627,0.0397,0.1429,0.3848,NA,NA,NA,2,NA,NA
"226","dpz828e",0.6904,0.0753,332,0.0212,0.1818,0.2061,0.0212,0.0667,0.503,NA,NA,NA,NA,NA,NA
"227","dpz828f",0.809,0.1333,15,0,0,0.2667,0.0667,0.4,0.2666,2016-04-26,NA,NA,4,10496,1546
"228","dpz828g",0.812,0.2143,1414,0.02,0.2434,0.1406,0.0286,0.04,0.5274,NA,NA,NA,NA,NA,NA
"229","dpz828h",0.6761,0.2529,170,0,0.3176,0.4,0.0353,0.0471,0.2,NA,NA,NA,NA,NA,NA
"230","dpz828j",0.8222,0.2308,13,0,0.1538,0.5385,0.1538,0,0.1539,NA,NA,NA,NA,NA,NA
"231","dpz828k",0.6912,0.2133,150,0.0067,0.2133,0.16,0.04,0.1533,0.4267,NA,NA,NA,4,NA,NA
"232","dpz828m",0.6461,0.165,103,0.0194,0.2621,0.1942,0.0194,0.1165,0.3884,2011-09-29,NA,NA,2,8970,847
"233","dpz828n",0.502,0.3072,3421,0.0264,0.1861,0.2049,0.0672,0.0901,0.4253,NA,NA,NA,NA,NA,NA
"234","dpz828p",0.8701,0.0717,1841,0.0246,0.1846,0.1062,0.0444,0.1019,0.5383,NA,NA,NA,NA,NA,NA
"235","dpz828q",0.6079,0.193,228,0.0132,0.2247,0.1806,0.0088,0.1542,0.4185,NA,NA,NA,NA,NA,NA
"236","dpz828r",0.9626,0.0168,119,0.0336,0.2353,0.084,0.0168,0.0924,0.5379,2018-01-24,NA,NA,NA,9466,2769
"237","dpz828s",0.9934,0.039,77,0.0263,0.1579,0.3026,0.0263,0.0789,0.408,NA,NA,NA,NA,NA,NA
"238","dpz828t",0.7108,0.1437,821,0.0234,0.2312,0.155,0.0295,0.0369,0.524,NA,NA,NA,1,NA,NA
"239","dpz828u",0.6471,0.0544,239,0.0171,0.2436,0.1282,0.0385,0.1282,0.4444,NA,NA,NA,3,NA,NA
"240","dpz828v",0.8593,0.1113,791,0.014,0.2229,0.0828,0.0204,0.0178,0.6421,NA,NA,NA,NA,NA,NA
"241","dpz828w",1.3451,0.1111,18,0,0.3889,0.1667,0,0.1111,0.3333,NA,NA,NA,NA,NA,NA
"242","dpz828x",1.039,0.2203,2265,0.0305,0.2229,0.1368,0.0247,0.0283,0.5568,NA,NA,NA,NA,NA,NA
"243","dpz828y",1.623,0.1111,72,0,0.2857,0.1,0.1286,0.1143,0.3714,NA,NA,NA,NA,NA,NA
"244","dpz828z",1.3524,0.0649,154,0.0131,0.1176,0.5033,0.0523,0.0458,0.2679,NA,NA,NA,NA,NA,NA
"245","dpz8290",0,0,10,0,0.2,0.6,0,0.2,0,NA,NA,NA,NA,NA,NA
"246","dpz8291",1.0599,0.0317,63,0.0323,0.1774,0.0968,0.0484,0.0806,0.5645,NA,NA,NA,NA,NA,NA
"247","dpz8292",1.2774,0.0333,30,0,0.0667,0.0667,0,0.7667,0.0999,NA,NA,NA,NA,NA,NA
"248","dpz8293",0.6227,0.0606,33,0.0313,0.1875,0.1563,0.0938,0,0.5311,NA,NA,NA,NA,NA,NA
"249","dpz8294",0.7643,0.0577,52,0,0.1373,0.0392,0.0588,0.1569,0.6078,NA,NA,NA,NA,NA,NA
"250","dpz8295",1.2151,0.1111,54,0.0566,0.0755,0.1321,0.283,0.0189,0.4339,NA,NA,NA,NA,NA,NA
"251","dpz8296",0.6551,0.1011,544,0.0148,0.2514,0.1349,0.0351,0.0573,0.5065,NA,NA,NA,NA,NA,NA
"252","dpz8297",0.3838,0.1836,523,0.0116,0.2984,0.1124,0.0465,0.0368,0.4943,NA,NA,NA,NA,NA,NA
"253","dpz8298",0.6277,0.1171,333,0.0485,0.203,0.2121,0.0424,0.0697,0.4243,2016-04-27,NA,NA,2,8849,1094
"254","dpz8299",0.3852,0.0338,650,0.017,0.2423,0.142,0.0293,0.0849,0.4845,NA,NA,NA,NA,NA,NA
"255","dpz829b",0.5885,0.0218,7340,0.0244,0.1823,0.1511,0.054,0.105,0.4832,NA,NA,NA,3,NA,NA
"256","dpz829c",1.0173,0.0302,596,0.0169,0.2125,0.1433,0.032,0.0911,0.5042,NA,NA,NA,NA,NA,NA
"257","dpz829d",0.4554,0.0403,149,0.0068,0.2162,0.1486,0.0743,0.027,0.5271,NA,NA,NA,NA,NA,NA
"258","dpz829e",0.9676,0.125,16,0.0625,0.125,0,0.5625,0,0.25,NA,NA,NA,NA,NA,NA
"259","dpz829f",0.8999,0.2442,385,0.0106,0.2566,0.2143,0.0503,0.037,0.4312,NA,NA,NA,NA,NA,NA
"260","dpz829g",1.0329,0.1848,303,0.02,0.2633,0.1,0.0367,0.04,0.54,NA,NA,NA,NA,NA,NA
"261","dpz829h",1.1397,0.1139,79,0.0256,0.0897,0.141,0.2821,0.0385,0.4231,NA,NA,NA,NA,NA,NA
"262","dpz829j",1.1547,0.2054,297,0,0.3082,0.1438,0.0548,0.0548,0.4384,NA,NA,NA,NA,NA,NA
"263","dpz829k",1.2341,0.2508,295,0,0.3127,0.1306,0.0515,0.0515,0.4537,NA,NA,NA,NA,NA,NA
"264","dpz829m",1.2744,0.202,297,0,0.3072,0.1365,0.0512,0.0512,0.4539,NA,NA,NA,NA,NA,NA
"265","dpz829n",0.7588,0.0676,74,0.0135,0.0676,0.0405,0.0946,0.0135,0.7703,2012-03-14,NA,NA,6,10043,1734
"266","dpz829p",0.7916,0.171,193,0.0104,0.0622,0.5233,0.0725,0.1969,0.1347,NA,NA,NA,5,NA,NA
"267","dpz829q",0.9096,0.0576,2554,0.025,0.2323,0.13,0.0309,0.0551,0.5267,NA,NA,NA,NA,NA,NA
"268","dpz829r",0.8211,0.0657,137,0.0373,0.2463,0.1866,0.0224,0.1194,0.388,NA,NA,NA,NA,NA,NA
"269","dpz829s",1.0969,0.1842,38,0,0.3158,0.1579,0,0.1053,0.421,NA,NA,NA,NA,NA,NA
"270","dpz829t",0.5322,0.1167,2862,0.0206,0.2321,0.1488,0.034,0.0439,0.5206,NA,NA,NA,3,NA,NA
"271","dpz829u",0.5685,0.0381,1600,0.0171,0.2312,0.1554,0.031,0.0423,0.523,NA,NA,NA,NA,NA,NA
"272","dpz829v",1.3071,0.1379,29,0.0357,0.1429,0.0357,0.1786,0,0.6071,NA,NA,NA,NA,NA,NA
"273","dpz829w",1.0413,0.0185,162,0.0186,0.1863,0.1553,0.0311,0.0435,0.5652,NA,NA,NA,NA,NA,NA
"274","dpz829x",1.0491,0.0385,26,0,0.1923,0.2308,0.0385,0.0769,0.4615,NA,NA,NA,NA,NA,NA
"275","dpz829y",1.1112,0.2238,143,0.0144,0.1151,0.1727,0.0144,0.0576,0.6258,NA,NA,NA,NA,NA,NA
"276","dpz829z",1.0235,0.0265,113,0,0.2389,0.1239,0.0619,0.1504,0.4249,NA,NA,NA,2,NA,NA
"277","dpz82b0",0.9974,0.0843,83,0.0241,0.3373,0.1928,0.0482,0.0602,0.3374,NA,NA,NA,NA,NA,NA
"278","dpz82b1",1.1342,0.0263,38,0,0.1842,0.0263,0.0263,0.1842,0.579,NA,NA,NA,NA,NA,NA
"279","dpz82b2",0.9033,0.2143,14,0,0.1429,0.2143,0,0.1429,0.4999,NA,NA,NA,NA,NA,NA
"280","dpz82b3",0.8291,0.0924,184,0,0.0326,0.0543,0.1359,0.3315,0.4457,NA,NA,NA,NA,NA,NA
"281","dpz82b4",1.1131,0.15,40,0,0.25,0.075,0.125,0.1,0.45,NA,NA,NA,NA,NA,NA
"282","dpz82b5",0.6468,0.1242,161,0.0186,0.1925,0.2422,0.0311,0.0373,0.4783,NA,NA,NA,NA,NA,NA
"283","dpz82b6",0.5807,0.1892,111,0.027,0.1532,0.1622,0.0901,0.1532,0.4143,NA,NA,NA,NA,NA,NA
"284","dpz82b7",0.6007,0.1471,34,0,0.4412,0.1176,0.0588,0.0294,0.353,NA,NA,NA,NA,NA,NA
"285","dpz82b8",0.9605,0.18,50,0.04,0.24,0.26,0.02,0.1,0.34,NA,NA,NA,NA,NA,NA
"286","dpz82b9",0.9207,0.073,178,0.0169,0.2147,0.1186,0.0226,0.0904,0.5368,NA,NA,NA,NA,NA,NA
"287","dpz82bb",1.1302,0.15,60,0.0169,0.2203,0.4068,0.0847,0.0847,0.1866,NA,NA,NA,NA,NA,NA
"288","dpz82bc",1.0671,0.5422,83,0.0123,0.0864,0.3457,0.0617,0.1975,0.2964,NA,NA,NA,NA,NA,NA
"289","dpz82bd",0.638,0.3143,70,0,0.7571,0.1,0.0429,0,0.1,2015-08-24,NA,NA,4,10301,1835
"290","dpz82be",0.7895,0.0612,147,0.0207,0.2207,0.2,0.0345,0.1517,0.3724,2017-05-17,NA,NA,6,11884,5678
"291","dpz82bf",1.2817,0.25,168,0.0181,0.1265,0.4277,0.0904,0.1024,0.2349,NA,NA,NA,NA,NA,NA
"292","dpz82bg",0.8406,0.25,204,0.0197,0.1084,0.4138,0.0887,0.0936,0.2758,NA,NA,NA,NA,NA,NA
"293","dpz82bh",0.4997,0.3305,2965,0.0428,0.2111,0.1158,0.036,0.072,0.5223,NA,NA,NA,NA,NA,NA
"294","dpz82bj",0.4763,0.1463,1230,0.0205,0.1772,0.1157,0.0394,0.0705,0.5767,NA,NA,NA,NA,NA,NA
"295","dpz82bk",0.7944,0.0899,89,0,0.1954,0.2069,0.023,0.0805,0.4942,NA,NA,NA,NA,NA,NA
"296","dpz82bm",0.6249,0.0913,701,0.0217,0.2442,0.1084,0.0231,0.0419,0.5607,NA,NA,NA,NA,NA,NA
"297","dpz82bn",2.0726,0.0526,19,0,0.0526,0.1579,0,0.4737,0.3158,NA,NA,NA,NA,NA,NA
"298","dpz82bp",0.863,0.0604,8367,0.0354,0.197,0.2005,0.0521,0.1055,0.4095,NA,NA,NA,NA,NA,NA
"299","dpz82bq",0.5095,0.0183,710,0.034,0.2096,0.255,0.0354,0.068,0.398,2017-11-16,NA,NA,NA,12200,796
"300","dpz82br",2.0125,0.2,20,0.05,0.05,0.7,0,0.15,0.05,NA,NA,NA,NA,NA,NA
"301","dpz82bs",0.8084,0.027,74,0.0135,0.1216,0.1757,0.0676,0.2027,0.4189,NA,NA,NA,NA,NA,NA
"302","dpz82bt",0.6504,0.0505,198,0.0202,0.1818,0.1667,0.0253,0.1414,0.4646,NA,NA,NA,NA,NA,NA
"303","dpz82bu",0.895,0.0866,127,0.0238,0.127,0.1746,0.0556,0.1825,0.4365,NA,NA,NA,NA,NA,NA
"304","dpz82bv",0.6545,0.0253,277,0.033,0.1502,0.1868,0.0476,0.1392,0.4432,2013-12-05,NA,NA,2,13533,4681
"305","dpz82bw",0.5642,0.1,80,0,0.4,0.2125,0.025,0.1375,0.225,NA,NA,NA,2,NA,NA
"306","dpz82bx",0.6654,0.0082,243,0.0206,0.2551,0.1481,0.0247,0.0782,0.4733,NA,NA,NA,NA,NA,NA
"307","dpz82by",1.7031,0.1538,13,0,0.3846,0.1538,0,0.0769,0.3847,NA,NA,NA,NA,NA,NA
"308","dpz82bz",1.1316,0.1375,80,0.0253,0.2405,0.1519,0.0253,0.0633,0.4937,NA,NA,NA,NA,NA,NA
"309","dpz82c0",2.2332,0.0714,42,0,0.1951,0.1707,0.0488,0.0244,0.561,2013-03-14,NA,NA,NA,11628,4053
"310","dpz82c1",0.7115,0.2007,573,0.0122,0.1976,0.222,0.0315,0.1538,0.3829,NA,NA,NA,NA,NA,NA
"311","dpz82c2",2.8994,0.0041,243,0.0165,0.157,0.1777,0.0289,0.0661,0.5538,NA,NA,NA,NA,NA,NA
"312","dpz82c3",0.7459,0.1429,147,0.0274,0.137,0.1507,0.0342,0.137,0.5137,NA,NA,NA,NA,NA,NA
"313","dpz82c4",0.6865,0.2326,43,0,0.0465,0.7209,0.093,0.0465,0.0931,NA,NA,NA,NA,NA,NA
"314","dpz82c5",1.3009,0.0526,19,0,0.1053,0.2632,0.0526,0.4211,0.1578,NA,NA,NA,NA,NA,NA
"315","dpz82c6",1.298,0.0807,161,0.0563,0.1812,0.0938,0.0375,0.025,0.6062,2009-08-20,NA,NA,NA,11185,2755
"316","dpz82c7",3.7624,0.0476,21,0,0.0476,0.1429,0.0476,0.4762,0.2857,NA,NA,NA,2,NA,NA
"317","dpz82c8",0.7856,0.0675,4386,0.0108,0.2,0.1067,0.0347,0.0771,0.5707,2012-02-09,NA,NA,NA,5191,2270
"318","dpz82c9",0.6833,0.0588,85,0.0118,0.0353,0.6588,0.0941,0.0941,0.1059,NA,NA,NA,NA,NA,NA
"319","dpz82cb",0.7641,0.1111,36,0,0.0556,0.0833,0.0278,0.5,0.3333,NA,NA,NA,NA,NA,NA
"320","dpz82cc",2.2197,0.0588,17,0,0.1176,0,0.0588,0.4706,0.353,NA,NA,NA,NA,NA,NA
"321","dpz82cd",1.3081,0.1305,2567,0.0377,0.2264,0.1338,0.0369,0.0569,0.5083,2010-01-14,NA,NA,2,3069,486
"322","dpz82ce",0.7323,0.2456,684,0.0074,0.1912,0.1029,0.0206,0.0574,0.6205,NA,NA,NA,NA,NA,NA
"323","dpz82cf",1.1458,0.1649,831,0.0339,0.2225,0.1282,0.029,0.0423,0.5441,NA,NA,NA,NA,NA,NA
"324","dpz82cg",0.6661,0.1546,194,0.0156,0.1458,0.0573,0.0156,0.0417,0.724,NA,NA,NA,NA,NA,NA
"325","dpz82ch",0.7608,0.1905,21,0,0.1905,0.0476,0.1429,0.0952,0.5238,NA,NA,NA,NA,NA,NA
"326","dpz82cj",0.971,0.2,15,0.0667,0.2,0.2667,0.2,0,0.2666,NA,NA,NA,NA,NA,NA
"327","dpz82ck",1.7422,0.0357,28,0,0.2143,0.1429,0.1429,0.0357,0.4642,NA,NA,NA,NA,NA,NA
"328","dpz82cm",0.5724,0.142,169,0.0237,0.2012,0.2012,0.0533,0.0888,0.4318,2009-08-19,NA,NA,NA,9898,1979
"329","dpz82cn",0.7652,0.0673,773,0.0273,0.2679,0.2133,0.039,0.0468,0.4057,NA,NA,NA,NA,NA,NA
"330","dpz82cp",0.9364,0.2785,79,0.0256,0.2308,0.1667,0,0.0769,0.5,NA,NA,NA,NA,NA,NA
"331","dpz82cq",0.8057,0.0645,31,0,0.2581,0.2581,0,0.0323,0.4515,NA,0.0175,3,NA,NA,NA
"332","dpz82cr",0.7678,0.0783,115,0.0263,0.3333,0.114,0.0439,0.0789,0.4036,NA,NA,NA,NA,NA,NA
"333","dpz82ct",0.3343,0.1454,784,0.0296,0.2031,0.1838,0.0308,0.0488,0.5039,NA,NA,NA,NA,NA,NA
"334","dpz82cv",0.6419,0.175,800,0.0303,0.2045,0.1768,0.0354,0.0429,0.5101,NA,NA,NA,NA,NA,NA
"335","dpz82cw",0.69,0.183,694,0.0319,0.2119,0.1916,0.0392,0.0421,0.4833,NA,NA,NA,NA,NA,NA
"336","dpz82cx",1.2041,0.0714,14,0.0714,0.2143,0.1429,0.0714,0.0714,0.4286,2010-08-11,NA,NA,7,7820,1231
"337","dpz82cy",1.2749,0.0667,30,0,0.2333,0.0667,0,0.0667,0.6333,NA,NA,NA,NA,NA,NA
"338","dpz82cz",1.1732,0.218,367,0.011,0.2514,0.1381,0.0138,0.0552,0.5305,NA,NA,NA,NA,NA,NA
"339","dpz82d0",0.7666,0.5308,130,0,0.0615,0.5154,0,0.0154,0.4077,2012-02-08,NA,NA,2,8408,1895
"340","dpz82d1",0.741,0.1852,108,0.0561,0.1589,0.1215,0.028,0.1308,0.5047,NA,NA,NA,2,NA,NA
"341","dpz82d2",0.5308,0.08,25,0,0.24,0.28,0.04,0.12,0.32,NA,NA,NA,NA,NA,NA
"342","dpz82d3",0.6304,0.4565,46,0,0.1304,0.1087,0.0435,0.4348,0.2826,NA,NA,NA,NA,NA,NA
"343","dpz82d4",1.3366,0.1863,451,0.0135,0.2432,0.2117,0.0473,0.0293,0.455,NA,NA,NA,NA,NA,NA
"344","dpz82d5",1.0026,0.1863,424,0.0167,0.2762,0.1167,0.0548,0.0357,0.4999,NA,NA,NA,NA,NA,NA
"345","dpz82d6",0.7222,0.0662,302,0.0101,0.2256,0.138,0.0337,0.064,0.5286,NA,NA,NA,NA,NA,NA
"346","dpz82d7",1.2431,0.0809,235,0.013,0.2304,0.1174,0.0261,0.0565,0.5566,NA,NA,NA,NA,NA,NA
"347","dpz82d8",0.5196,0.1639,1318,0.0176,0.1687,0.2046,0.0557,0.1092,0.4442,NA,NA,NA,NA,NA,NA
"348","dpz82d9",0.5067,0.0683,205,0.0049,0.2341,0.2732,0.0829,0.161,0.2439,NA,NA,NA,NA,NA,NA
"349","dpz82db",1.5015,0.2105,19,0,0.2105,0.1579,0,0.0526,0.579,NA,NA,NA,2,NA,NA
"350","dpz82dc",1.6197,0.125,16,0.0625,0.3125,0.1875,0,0.0625,0.375,NA,NA,NA,5,NA,NA
"351","dpz82dd",1.3072,0.1947,190,0.0106,0.3122,0.1376,0.0317,0.1111,0.3968,NA,NA,NA,NA,NA,NA
"352","dpz82de",0.9235,0.1304,23,0,0.3913,0.087,0,0.3043,0.2174,NA,NA,NA,NA,NA,NA
"353","dpz82df",0.6278,0.0864,81,0,0.0494,0.5432,0.0494,0,0.358,NA,NA,NA,2,NA,NA
"354","dpz82dg",0.5518,0.0676,74,0,0.2222,0.1667,0.0278,0.2222,0.3611,2017-01-16,0.0111,4,NA,11340,4611
"355","dpz82dh",1.1191,0.1118,2692,0.0222,0.2303,0.1484,0.0349,0.0477,0.5165,2012-03-20,NA,NA,10,14775,3301
"356","dpz82dj",0.8993,0.1304,299,0.0204,0.1463,0.1224,0.0442,0.0986,0.5681,NA,NA,NA,2,NA,NA
"357","dpz82dk",1.5142,0.05,20,0,0.25,0.2,0,0,0.55,NA,NA,NA,NA,NA,NA
"358","dpz82dm",0.6792,0.1422,211,0.0288,0.125,0.2308,0.024,0.0769,0.5145,NA,NA,NA,NA,NA,NA
"359","dpz82dn",1.3072,0.1077,65,0,0.1875,0.0938,0.0781,0.125,0.5156,NA,NA,NA,NA,NA,NA
"360","dpz82dp",0.9094,0.1437,174,0.0172,0.1494,0.0977,0.046,0.1724,0.5173,2015-04-11,NA,NA,5,11860,7315
"361","dpz82dq",0.6421,0.0512,215,0.0047,0.1729,0.1682,0.0327,0.0421,0.5794,NA,NA,NA,NA,NA,NA
"362","dpz82dr",1.0585,0.1418,275,0.0146,0.1752,0.3285,0.0584,0.0474,0.3759,NA,NA,NA,NA,NA,NA
"363","dpz82ds",0.6737,0.0629,2957,0.0256,0.2225,0.1474,0.0375,0.0461,0.5209,NA,NA,NA,NA,NA,NA
"364","dpz82dt",0.6176,0.1324,68,0.0147,0.2353,0.2353,0.0294,0.0882,0.3971,NA,NA,NA,NA,NA,NA
"365","dpz82du",1.4416,0.0769,26,0,0.1154,0.1154,0,0.1538,0.6154,NA,NA,NA,NA,NA,NA
"366","dpz82dv",1.4457,0.0833,72,0,0.1528,0.2222,0.0139,0.0556,0.5555,NA,NA,NA,NA,NA,NA
"367","dpz82dw",0.6169,0.1678,143,0.0141,0.2324,0.2324,0.0352,0.1197,0.3662,2010-01-12,NA,NA,7,6627,830
"368","dpz82dx",1.426,0.3101,316,0.0096,0.1688,0.2389,0.035,0.0446,0.5031,NA,NA,NA,NA,NA,NA
"369","dpz82dy",0.6488,0.0714,28,0,0.1786,0.1429,0.1071,0.0357,0.5357,NA,NA,NA,2,NA,NA
"370","dpz82dz",1.5171,0.2364,313,0.0096,0.1801,0.2379,0.0354,0.045,0.492,NA,NA,NA,NA,NA,NA
"371","dpz82e0",3.0769,0.1905,21,0,0.2381,0.2381,0,0.0952,0.4286,NA,NA,NA,3,NA,NA
"372","dpz82e1",0.6942,0.0258,271,0.0187,0.1573,0.3296,0.0262,0.0637,0.4045,NA,NA,NA,NA,NA,NA
"373","dpz82e2",1.6225,0.1694,307,0.0163,0.2418,0.3333,0.0261,0.0654,0.3171,NA,NA,NA,NA,NA,NA
"374","dpz82e3",1.6579,0.3462,26,0,0.0769,0.2308,0.0385,0,0.6538,NA,NA,NA,NA,NA,NA
"375","dpz82e4",0.9092,0.1887,106,0,0.0472,0.6038,0.0472,0,0.3018,NA,NA,NA,NA,NA,NA
"376","dpz82e5",0.3081,0.0077,3890,0.0254,0.2041,0.1586,0.0435,0.0463,0.5221,NA,NA,NA,NA,NA,NA
"377","dpz82e6",0.9229,0.106,302,0.0234,0.194,0.2943,0.0401,0.0502,0.398,2010-05-20,NA,NA,2,5859,1005
"378","dpz82e7",1.251,0.0766,222,0,0.1946,0.1629,0.0769,0.0679,0.4977,NA,NA,NA,NA,NA,NA
"379","dpz82e8",1.4653,0.2297,357,0.0113,0.255,0.3088,0.0312,0.0708,0.3229,NA,NA,NA,NA,NA,NA
"380","dpz82e9",1.9281,0.087,23,0,0.087,0.2609,0.0435,0,0.6086,NA,NA,NA,NA,NA,NA
"381","dpz82eb",0.5463,0.0727,399,0.0101,0.2532,0.1468,0.0278,0.0532,0.5089,NA,NA,NA,NA,NA,NA
"382","dpz82ec",0.4915,0.0138,435,0.0508,0.2009,0.1917,0.0254,0.0647,0.4665,2010-05-20,NA,NA,NA,6818,1574
"383","dpz82ed",0.4344,0.0051,3340,0.0212,0.1893,0.1775,0.0478,0.0478,0.5164,NA,NA,NA,NA,NA,NA
"384","dpz82ee",0.7714,0.0667,15,0.0714,0.2143,0,0,0,0.7143,NA,NA,NA,NA,NA,NA
"385","dpz82ef",0.8248,0.0488,82,0.0122,0.2317,0.1829,0.0488,0.061,0.4634,NA,NA,NA,NA,NA,NA
"386","dpz82eg",1.1361,0.2059,850,0.0274,0.292,0.1275,0.0358,0.0381,0.4792,NA,NA,NA,NA,NA,NA
"387","dpz82eh",1.9957,0.026,77,0,0.1299,0.2078,0.1299,0.026,0.5064,NA,NA,NA,NA,NA,NA
"388","dpz82ej",0.9058,0.3143,35,0.0571,0.0571,0.2286,0,0.0857,0.5715,NA,NA,NA,NA,NA,NA
"389","dpz82ek",0.8751,0.1854,712,0.0128,0.2099,0.2156,0.0369,0.0454,0.4794,NA,NA,NA,NA,NA,NA
"390","dpz82em",0.8307,0.007,1563,0.0226,0.1805,0.1695,0.0369,0.0673,0.5232,NA,NA,NA,2,NA,NA
"391","dpz82en",1.5148,0.239,590,0.0086,0.2106,0.2038,0.024,0.0634,0.4896,2017-01-16,NA,NA,6,13223,5290
"392","dpz82ep",2.9616,0.1111,18,0.1111,0.1667,0.1111,0,0.1667,0.4444,NA,NA,NA,9,NA,NA
"393","dpz82eq",1.7245,0.2044,137,0.0074,0.1838,0.2132,0.0074,0.0588,0.5294,NA,NA,NA,NA,NA,NA
"394","dpz82er",0.9941,0.1234,697,0.0202,0.2254,0.1546,0.0376,0.0607,0.5015,NA,NA,NA,NA,NA,NA
"395","dpz82es",1.1629,0.1765,17,0.0588,0.1765,0.1176,0.0588,0.1176,0.4707,NA,NA,NA,NA,NA,NA
"396","dpz82et",0.6829,0.1631,325,0.0218,0.1869,0.1994,0.0405,0.0312,0.5202,NA,NA,NA,9,NA,NA
"397","dpz82eu",0.4926,0.0649,154,0,0.2353,0.1765,0.0065,0.0784,0.5033,2012-04-26,NA,NA,2,11364,894
"398","dpz82ev",1.0297,0.0328,61,0,0.2459,0.2623,0.0164,0.1311,0.3443,NA,NA,NA,NA,NA,NA
"399","dpz82ew",1.207,0.1333,30,0,0.1379,0.3103,0,0.069,0.4828,NA,NA,NA,2,NA,NA
"400","dpz82ex",0.9206,0.2047,601,0.0201,0.2211,0.191,0.0469,0.067,0.4539,NA,NA,NA,NA,NA,NA
"401","dpz82ey",0.7847,0.2645,620,0.0179,0.2224,0.1932,0.0455,0.0747,0.4463,2012-06-05,NA,NA,2,7429,1545
"402","dpz82ez",1.1411,0.2888,599,0.0068,0.2301,0.1286,0.0558,0.0305,0.5482,NA,NA,NA,NA,NA,NA
"403","dpz82f0",1.1623,0.2414,58,0,0.1207,0.1034,0.0517,0.0862,0.638,NA,NA,NA,4,NA,NA
"404","dpz82f1",3.2411,0.0556,18,0,0.2222,0,0,0.5,0.2778,2014-08-19,NA,NA,2,9477,1839
"405","dpz82f2",1.5,0.1341,440,0.0462,0.1894,0.2494,0.0439,0.0647,0.4064,NA,NA,NA,NA,NA,NA
"406","dpz82f3",1.9247,0.3416,884,0.0342,0.1906,0.2808,0.0491,0.0799,0.3654,NA,NA,NA,NA,NA,NA
"407","dpz82f4",4.0272,0.0333,30,0,0.2667,0.1,0,0.0667,0.5666,NA,NA,NA,NA,NA,NA
"408","dpz82f6",1.0164,0.0705,156,0.0195,0.1169,0.1364,0.013,0.026,0.6882,NA,NA,NA,NA,NA,NA
"409","dpz82f7",0.5992,0.1176,17,0,0.25,0,0.125,0,0.625,2012-04-17,NA,NA,NA,11987,1216
"410","dpz82f8",1.5597,0.0742,256,0.0478,0.2231,0.1474,0.0438,0.0558,0.4821,NA,NA,NA,NA,NA,NA
"411","dpz82f9",1.1728,0.1053,19,0,0.1053,0.0526,0,0,0.8421,NA,NA,NA,NA,NA,NA
"412","dpz82fb",1.532,0.1832,846,0.03,0.2866,0.1643,0.0516,0.0791,0.3884,NA,NA,NA,NA,NA,NA
"413","dpz82fc",0.8878,0.1492,784,0.0103,0.2883,0.1248,0.0193,0.0309,0.5264,NA,NA,NA,NA,NA,NA
"414","dpz82fd",1.296,0.0408,49,0,0.2653,0.0816,0.0204,0.1429,0.4898,NA,NA,NA,NA,NA,NA
"415","dpz82fe",1.254,0.0439,114,0.018,0.1532,0.1622,0.0901,0.0541,0.5224,NA,NA,NA,NA,NA,NA
"416","dpz82ff",0.827,0.0714,14,0,0.1429,0.2143,0.0714,0.1429,0.4285,NA,NA,NA,NA,NA,NA
"417","dpz82fg",1.0914,0.1294,796,0.0165,0.2262,0.2033,0.0635,0.0356,0.4549,NA,NA,NA,NA,NA,NA
"418","dpz82fj",1.441,0.2287,586,0.0138,0.2655,0.1621,0.031,0.0517,0.4759,NA,NA,NA,NA,NA,NA
"419","dpz82fk",1.1576,0.2028,927,0.0153,0.2183,0.19,0.0568,0.0415,0.4781,2012-03-21,NA,NA,5,9436,1682
"420","dpz82fm",1.0942,0.2,685,0.0178,0.253,0.1583,0.0296,0.0473,0.494,NA,NA,NA,NA,NA,NA
"421","dpz82fn",3.0662,0.1111,18,0,0.0556,0.0556,0,0.1667,0.7221,NA,NA,NA,NA,NA,NA
"422","dpz82fp",1.0762,0.1308,367,0.0193,0.2514,0.1298,0.0166,0.0525,0.5304,NA,NA,NA,NA,NA,NA
"423","dpz82fq",0.8024,0.1843,396,0.023,0.2481,0.1432,0.0128,0.0614,0.5115,2015-04-08,NA,NA,10,8875,2028
"424","dpz82fr",1.6716,0.1698,683,0.0074,0.2294,0.1559,0.0426,0.0441,0.5206,NA,NA,NA,NA,NA,NA
"425","dpz82fs",1.3848,0.0882,136,0.0074,0.1691,0.2721,0.0662,0.0294,0.4558,NA,NA,NA,NA,NA,NA
"426","dpz82ft",0.5794,0.1077,418,0.0193,0.2337,0.1518,0.0675,0.0602,0.4675,NA,NA,NA,NA,NA,NA
"427","dpz82fu",0.6849,0.1,20,0,0.25,0.25,0.15,0,0.35,NA,NA,NA,NA,NA,NA
"428","dpz82fv",0.4992,0.0525,533,0.0207,0.2542,0.1431,0.0395,0.0791,0.4634,NA,NA,NA,NA,NA,NA
"429","dpz82fw",0.6675,0.1172,964,0.021,0.2277,0.1228,0.0231,0.0514,0.554,NA,NA,NA,1,NA,NA
"430","dpz82fx",2.3091,0.0943,53,0,0.2642,0.1698,0.0189,0.0377,0.5094,NA,NA,NA,NA,NA,NA
"431","dpz82fy",1.5507,0.1854,971,0.0229,0.225,0.1229,0.0271,0.0583,0.5438,NA,NA,NA,NA,NA,NA
"432","dpz82fz",0.8955,0.1979,1334,0.0144,0.1918,0.1314,0.04,0.04,0.5824,NA,NA,NA,NA,NA,NA
"433","dpz82g0",1.6282,0.4325,1193,0.0279,0.2125,0.1617,0.0677,0.1643,0.3659,2017-01-12,NA,NA,3,8708,3172
"434","dpz82g1",0.6486,0.1716,134,0,0.0606,0.0985,0.0606,0.0833,0.697,NA,NA,NA,NA,NA,NA
"435","dpz82g2",0.6003,0.0785,548,0.0129,0.2022,0.171,0.0184,0.057,0.5385,NA,NA,NA,NA,NA,NA
"436","dpz82g3",0.9667,0.0625,304,0.0132,0.2244,0.2145,0.0165,0.0627,0.4687,NA,NA,NA,NA,NA,NA
"437","dpz82g4",0.6381,0.0238,294,0.0374,0.1701,0.1122,0.0782,0.1463,0.4558,NA,NA,NA,NA,NA,NA
"438","dpz82g5",0.6005,0.1479,872,0.015,0.2471,0.1755,0.0312,0.045,0.4862,2017-01-14,NA,NA,3,7478,4262
"439","dpz82g6",1.2935,0.1739,23,0,0.0435,0.087,0.0435,0.087,0.739,NA,NA,NA,NA,NA,NA
"440","dpz82g7",1.0905,0.0698,43,0.0233,0.0465,0.1628,0.0465,0.0233,0.6976,NA,NA,NA,NA,NA,NA
"441","dpz82g8",1.0436,0.3661,601,0.0068,0.1807,0.147,0.0355,0.027,0.603,NA,NA,NA,NA,NA,NA
"442","dpz82g9",1.1703,0.0645,31,0,0.0645,0.0645,0.0323,0.0323,0.8064,NA,NA,NA,NA,NA,NA
"443","dpz82gb",0.761,0.1329,828,0.0146,0.2098,0.1268,0.0134,0.0537,0.5817,2012-05-24,NA,NA,NA,8060,1215
"444","dpz82gc",0.8174,0.2444,45,0,0.0667,0.0222,0.0222,0.1556,0.7333,NA,NA,NA,NA,NA,NA
"445","dpz82gd",2.6544,0.1429,14,0,0.1429,0.1429,0.1429,0,0.5713,NA,NA,NA,NA,NA,NA
"446","dpz82ge",1.9994,0.1667,42,0,0.0476,0.1429,0.0238,0.0238,0.7619,NA,NA,NA,NA,NA,NA
"447","dpz82gf",1.144,0.0714,14,0,0.0714,0.1429,0.0714,0.0714,0.6429,NA,NA,NA,NA,NA,NA
"448","dpz82gg",0.8739,0.0186,161,0.0063,0.1938,0.1563,0.05,0.0313,0.5623,NA,NA,NA,NA,NA,NA
"449","dpz82gh",0.7964,0.087,46,0,0.2222,0.0444,0.0222,0.0667,0.6445,2017-01-14,NA,NA,NA,7251,3612
"450","dpz82gj",2.5029,0.0968,31,0,0.1613,0.1613,0.0323,0,0.6451,NA,NA,NA,NA,NA,NA
"451","dpz82gk",1.0834,0.1842,38,0.1316,0.2632,0.2368,0.0263,0.1579,0.1842,NA,NA,NA,NA,NA,NA
"452","dpz82gm",0.6374,0.0313,64,0.0317,0.1746,0.1111,0.0317,0.2381,0.4128,NA,NA,NA,3,NA,NA
"453","dpz82gn",1.1342,0.0263,38,0.0526,0.1579,0.0263,0.0526,0,0.7106,NA,NA,NA,NA,NA,NA
"454","dpz82gp",0.7508,0.0435,115,0.0174,0.2522,0.0348,0.0261,0.0783,0.5912,NA,NA,NA,NA,NA,NA
"455","dpz82gq",1.0918,0.1803,122,0,0.2562,0.2231,0.0413,0.0331,0.4463,2017-01-12,NA,NA,2,8941,4410
"456","dpz82gr",1.1141,0.2023,687,0.0221,0.2162,0.1662,0.0353,0.05,0.5102,NA,NA,NA,4,NA,NA
"457","dpz82gs",1.0152,0.0457,940,0.0214,0.2036,0.1468,0.0472,0.0707,0.5103,NA,NA,NA,NA,NA,NA
"458","dpz82gt",2.0953,0.0714,14,0,0.5714,0,0,0,0.4286,NA,NA,NA,NA,NA,NA
"459","dpz82gu",1.1342,0.0217,46,0,0.3261,0.0652,0,0.0217,0.587,NA,NA,NA,NA,NA,NA
"460","dpz82gv",2.0491,0.0386,233,0.0087,0.2597,0.1342,0.026,0.0519,0.5195,NA,NA,NA,NA,NA,NA
"461","dpz82gw",0.9982,0.1761,568,0.0125,0.225,0.1768,0.0339,0.0482,0.5036,NA,NA,NA,NA,NA,NA
"462","dpz82gx",0.6249,0.0624,433,0.0302,0.2,0.1605,0.0465,0.0488,0.514,NA,NA,NA,NA,NA,NA
"463","dpz82gy",1.0209,0.1994,697,0.0204,0.2183,0.1674,0.0364,0.0509,0.5066,NA,NA,NA,NA,NA,NA
"464","dpz82gz",0.685,0.0401,474,0.0171,0.1923,0.0897,0.0278,0.0321,0.641,NA,NA,NA,NA,NA,NA
"465","dpz82kj",0.5355,0.15,4787,0.0219,0.1602,0.1701,0.057,0.1243,0.4665,NA,NA,NA,NA,NA,NA
"466","dpz82kn",0.7687,0.2085,398,0.0606,0.1389,0.2904,0.0354,0.0707,0.404,NA,NA,NA,NA,NA,NA
"467","dpz82kp",0.3152,0.0952,21,0,0.0476,0.4286,0.0476,0.0952,0.381,NA,NA,NA,NA,NA,NA
"468","dpz82s0",0.3593,0.0732,478,0.0127,0.2452,0.1649,0.0296,0.0655,0.4821,NA,NA,NA,NA,NA,NA
"469","dpz82s1",0.4133,0.0353,3629,0.0275,0.1893,0.1849,0.0461,0.0458,0.5064,NA,NA,NA,NA,NA,NA
"470","dpz82s4",0.5525,0.0664,256,0.0157,0.3098,0.1333,0.0863,0.051,0.4039,NA,NA,NA,NA,NA,NA
"471","dpz82s5",0.3387,0.1392,158,0.0063,0.3797,0.1203,0.038,0.0886,0.3671,NA,NA,NA,NA,NA,NA
"472","dpz82sh",0.3653,0.0328,6759,0.0287,0.1801,0.1834,0.0433,0.0531,0.5114,NA,NA,NA,NA,NA,NA
"473","dpz82sj",0.5718,0.4528,53,0,0.4706,0.3333,0.0196,0,0.1765,NA,NA,NA,NA,NA,NA
"474","dpz82sn",1.3811,0.0952,63,0,0.0317,0.6825,0,0,0.2858,NA,NA,NA,NA,NA,NA
"475","dpz82sp",0.9878,0.1864,558,0.0073,0.2255,0.1273,0.0491,0.0255,0.5653,NA,NA,NA,NA,NA,NA
"476","dpz82u1",0.294,0.0607,2964,0.0279,0.1984,0.1446,0.0408,0.0507,0.5376,NA,NA,NA,NA,NA,NA
"477","dpz82u4",0.3687,0.2053,750,0.0148,0.2436,0.1723,0.0336,0.0377,0.498,NA,NA,NA,NA,NA,NA
"478","dpz82u5",1.4676,0.0179,56,0,0.25,0.2143,0.0893,0.1607,0.2857,NA,NA,NA,NA,NA,NA
"479","dpz82uh",0.4686,0.034,648,0.0047,0.2348,0.1462,0.042,0.0622,0.5101,NA,NA,NA,NA,NA,NA
"480","dpz82un",0.7152,0.1272,668,0.0136,0.2091,0.1773,0.0273,0.047,0.5257,NA,NA,NA,NA,NA,NA
"481","dpz82up",0.3023,0.1134,494,0.0123,0.2147,0.1063,0.0327,0.0368,0.5972,NA,NA,NA,NA,NA,NA
"482","dpz8300",0.7399,0.3842,203,0,0.0542,0.4286,0.0591,0.3153,0.1428,NA,NA,NA,NA,NA,NA
"483","dpz8301",0.9933,0.003,5919,0.0334,0.1866,0.2104,0.0711,0.1323,0.3662,NA,NA,NA,NA,NA,NA
"484","dpz8302",2.7229,0.0769,13,0,0.0769,0.4615,0.1538,0.2308,0.077,NA,NA,NA,NA,NA,NA
"485","dpz8303",1.7921,0.3016,63,0.0159,0.0159,0.6508,0,0.3175,-1e-04,NA,NA,NA,NA,NA,NA
"486","dpz8304",1.0263,0.0833,12,0.0833,0.1667,0.25,0,0.3333,0.1667,NA,NA,NA,NA,NA,NA
"487","dpz8305",1.4575,0.0105,62285,0.0364,0.1705,0.254,0.0793,0.1604,0.2994,NA,NA,NA,NA,NA,NA
"488","dpz8308",0.4586,0.0063,1909,0.0354,0.2286,0.1397,0.0344,0.0444,0.5175,NA,NA,NA,NA,NA,NA
"489","dpz8309",0.627,0.1045,67,0.0746,0.2687,0.1493,0.0448,0.1045,0.3581,NA,NA,NA,NA,NA,NA
"490","dpz830b",0.388,0.0273,1832,0.0274,0.2249,0.1454,0.0351,0.0735,0.4937,NA,NA,NA,NA,NA,NA
"491","dpz830c",0.6667,0.5,104,0.0686,0.2647,0.3333,0.0294,0.2059,0.0981,2015-04-02,NA,NA,NA,11450,2931
"492","dpz830d",0.4889,0.0227,44,0,0.4091,0.0909,0.0455,0.0682,0.3863,NA,NA,NA,NA,NA,NA
"493","dpz830e",1.2081,0.2725,367,0.0056,0.0806,0.2389,0.1861,0.0667,0.4221,NA,NA,NA,NA,NA,NA
"494","dpz830f",0.7253,0.0217,184,0.0437,0.2842,0.1311,0.0328,0.082,0.4262,NA,NA,NA,NA,NA,NA
"495","dpz830g",1.0365,0.1422,2708,0.0253,0.238,0.133,0.0413,0.0607,0.5017,2016-03-16,NA,NA,NA,13974,2290
"496","dpz830h",0.7306,0.009,68261,0.0348,0.173,0.2499,0.0788,0.1586,0.3049,NA,NA,NA,NA,NA,NA
"497","dpz830j",0.5152,0.0074,675,0.0284,0.1925,0.2209,0.0299,0.0746,0.4537,NA,NA,NA,NA,NA,NA
"498","dpz830k",0,0,22,0.0909,0.0909,0.0455,0.0455,0,0.7272,NA,NA,NA,NA,NA,NA
"499","dpz830m",0.7907,0.0449,178,0.0056,0.1582,0.209,0.0395,0.1638,0.4239,NA,0.0313,7,NA,NA,NA
"500","dpz830n",0.5448,0.0102,59834,0.0346,0.1681,0.2476,0.0805,0.1672,0.302,2015-04-12,NA,NA,12,11653,5808
"501","dpz830p",0.4731,0.0496,262,0.0154,0.2308,0.1769,0.0538,0.0846,0.4385,NA,NA,NA,1,NA,NA
"502","dpz830q",0.9627,0.0833,24,0,0.3043,0.2609,0.0435,0.0435,0.3478,NA,NA,NA,NA,NA,NA
"503","dpz830r",0.615,0.0233,129,0.0156,0.3594,0.2031,0.0625,0.0703,0.2891,NA,NA,NA,NA,NA,NA
"504","dpz830s",1.185,0.2763,228,0.0088,0.0661,0.2643,0.2952,0.0573,0.3083,NA,NA,NA,NA,NA,NA
"505","dpz830t",0.9876,0.1214,593,0.017,0.1548,0.1769,0.0306,0.1003,0.5204,2016-09-17,0.0201,6,5,12726,830
"506","dpz830u",0.983,0.0851,47,0,0.1489,0.1064,0.0426,0.3617,0.3404,NA,NA,NA,NA,NA,NA
"507","dpz830v",0.9256,0.0584,137,0.0221,0.2132,0.1103,0.0221,0.1618,0.4705,NA,0.0159,5,2,NA,NA
"508","dpz830w",0.9158,0.0789,114,0.027,0.2072,0.1712,0.0541,0.1982,0.3423,NA,NA,NA,NA,NA,NA
"509","dpz830x",0.7077,0.0698,43,0,0.1395,0.3721,0.0698,0.093,0.3256,2015-06-15,NA,NA,NA,5875,1283
"510","dpz830y",1.2611,0.0541,37,0,0.0541,0.2432,0,0.2162,0.4865,NA,NA,NA,NA,NA,NA
"511","dpz830z",0.752,0.1176,85,0.0706,0.3647,0.1882,0.0235,0.1059,0.2471,NA,NA,NA,NA,NA,NA
"512","dpz8310",0.9577,0.0541,37,0,0.3784,0.1081,0.1081,0.0541,0.3513,NA,NA,NA,NA,NA,NA
"513","dpz8311",0.7723,0.2353,51,0,0.3137,0.451,0,0.0392,0.1961,NA,NA,NA,2,NA,NA
"514","dpz8312",0.7947,0.0286,140,0.0214,0.2214,0.2643,0.0429,0.1071,0.3429,NA,NA,NA,NA,NA,NA
"515","dpz8313",1.1632,0.0275,182,0.0276,0.2486,0.2652,0.0442,0.0663,0.3481,NA,NA,NA,NA,NA,NA
"516","dpz8314",1.079,0.0658,228,0.031,0.1504,0.1637,0.0752,0.0796,0.5001,2015-09-30,NA,NA,2,9966,4831
"517","dpz8315",0.4758,0.096,844,0.0522,0.2218,0.1329,0.0214,0.0783,0.4934,NA,NA,NA,3,NA,NA
"518","dpz8316",0.9771,0.1459,514,0.0176,0.2505,0.2524,0.0352,0.0528,0.3915,NA,NA,NA,NA,NA,NA
"519","dpz8317",0.9227,0.2222,54,0,0.2778,0.2037,0.0185,0.2407,0.2593,NA,NA,NA,NA,NA,NA
"520","dpz8318",0.9572,0.0625,176,0.0575,0.1609,0.1034,0.0172,0.1322,0.5288,NA,NA,NA,NA,NA,NA
"521","dpz8319",0.8108,0.0411,73,0.0137,0.0548,0.0411,0.0274,0.2329,0.6301,2015-09-02,NA,NA,2,10538,6170
"522","dpz831b",1.9686,0.2467,600,0.0067,0.2228,0.1725,0.0385,0.0436,0.5159,NA,NA,NA,NA,NA,NA
"523","dpz831c",0.9574,0.0111,270,0.0075,0.3094,0.117,0.0377,0.0566,0.4718,NA,NA,NA,NA,NA,NA
"524","dpz831d",1.5974,0.2066,121,0.0583,0.1667,0.0417,0.05,0.1333,0.55,NA,0.0176,3,6,NA,NA
"525","dpz831e",1.1229,0.2176,170,0.0118,0.1065,0.0769,0.0414,0.0533,0.7101,2016-09-17,0.0505,9,10,14588,10895
"526","dpz831f",0.5168,0.1107,840,0.0107,0.2119,0.1024,0.0512,0.05,0.5738,NA,NA,NA,NA,NA,NA
"527","dpz831g",1.268,0.1455,55,0.0364,0.2,0.1273,0.0364,0.2182,0.3817,NA,0.0324,6,11,NA,NA
"528","dpz831h",0.4582,0.0338,444,0.0158,0.1719,0.1538,0.0475,0.181,0.43,2016-09-17,0.0168,11,11,15478,7878
"529","dpz831j",0.6276,0.1242,314,0,0.1879,0.0637,0.1146,0.3121,0.3217,NA,NA,NA,3,NA,NA
"530","dpz831k",0.4897,0.049,102,0.0098,0.2451,0.1569,0.0588,0.1176,0.4118,2016-09-17,0.0163,3,5,11906,2667
"531","dpz831m",0.982,0.3125,96,0.0105,0.1474,0.1684,0.1263,0.0842,0.4632,NA,NA,NA,NA,NA,NA
"532","dpz831n",0.5929,0.0323,93,0.0108,0.2258,0.0968,0.0323,0.2151,0.4192,2017-05-17,NA,NA,NA,9793,14142
"533","dpz831p",0.807,0.0722,263,0.0114,0.1901,0.1103,0.0837,0.1559,0.4486,NA,NA,NA,NA,NA,NA
"534","dpz831q",0.5709,0.0138,217,0.0231,0.2315,0.0833,0.0602,0.0787,0.5232,2015-08-26,NA,NA,6,7345,2694
"535","dpz831r",0.7053,0.175,40,0.025,0.075,0.275,0.05,0.2,0.375,NA,NA,NA,NA,NA,NA
"536","dpz831s",0.8004,0.0968,62,0.0164,0.1967,0.2787,0.0656,0.2295,0.2131,NA,NA,NA,NA,NA,NA
"537","dpz831t",1.0528,0.0666,3408,0.0402,0.2132,0.1297,0.0437,0.0611,0.5121,2013-08-13,NA,NA,2,6624,5835
"538","dpz831u",0.9022,0.1,20,0.05,0.1,0.05,0.05,0.35,0.4,NA,NA,NA,2,NA,NA
"539","dpz831v",0.8731,0.0811,111,0.009,0.0541,0.009,0.0991,0.0901,0.7387,2017-06-14,NA,NA,NA,6802,9439
"540","dpz831w",0.984,0.0357,28,0.25,0,0.0714,0.0357,0.0714,0.5715,NA,NA,NA,NA,NA,NA
"541","dpz831x",1.8403,0.0323,31,0,0.2903,0.2581,0.0645,0.0968,0.2903,NA,NA,NA,NA,NA,NA
"542","dpz831y",1.0893,0.0973,113,0.0177,0.1593,0.0619,0.0354,0.0796,0.6461,2011-07-19,NA,NA,5,7737,6250
"543","dpz831z",1.3183,0.0658,76,0,0.2105,0.1447,0.0921,0.1579,0.3948,2010-01-11,NA,NA,NA,5219,773
"544","dpz8320",0.5737,0.0286,35,0.0286,0.0286,0.4,0.0286,0.1714,0.3428,NA,NA,NA,2,NA,NA
"545","dpz8321",3.4749,0.0067,149,0.047,0.1409,0.2081,0.0738,0.1409,0.3893,NA,NA,NA,2,NA,NA
"546","dpz8322",2.0904,0.0476,42,0,0.381,0.1905,0.0238,0.0238,0.3809,NA,NA,NA,NA,NA,NA
"547","dpz8323",0.5317,0.1061,66,0.0303,0.4545,0.0758,0.0152,0.1061,0.3181,NA,NA,NA,NA,NA,NA
"548","dpz8324",1.8106,0.0583,103,0,0.0777,0.2621,0.0485,0.301,0.3107,NA,NA,NA,NA,NA,NA
"549","dpz8325",0.5427,0.0104,16025,0.0314,0.1694,0.1964,0.0747,0.1534,0.3747,NA,NA,NA,NA,NA,NA
"550","dpz8326",1.0427,0.0938,128,0.0156,0,0.0781,0.0469,0.4375,0.4219,NA,NA,NA,NA,NA,NA
"551","dpz8327",0.6594,0.0512,8342,0.027,0.2118,0.1961,0.0704,0.1119,0.3828,NA,0.0229,8,NA,NA,NA
"552","dpz8328",0.9661,0.1212,66,0.0154,0.3231,0.0462,0.0154,0.0923,0.5076,NA,NA,NA,NA,NA,NA
"553","dpz8329",0.9536,0.3445,894,0.0171,0.2571,0.124,0.0171,0.041,0.5437,NA,NA,NA,NA,NA,NA
"554","dpz832b",2.1435,0.04,25,0,0,0.16,0,0.04,0.8,NA,NA,NA,NA,NA,NA
"555","dpz832c",0.8462,0.0313,7707,0.0223,0.1983,0.1349,0.0419,0.0964,0.5062,NA,NA,NA,NA,NA,NA
"556","dpz832d",0.6309,0.0638,188,0.0161,0.328,0.0645,0.043,0.0645,0.4839,NA,NA,NA,NA,NA,NA
"557","dpz832e",0.4973,0.0832,8591,0.0279,0.22,0.1769,0.0574,0.0967,0.4211,2015-07-08,0.0309,15,2,22600,8056
"558","dpz832f",0.8973,0.0075,266,0.0114,0.2624,0.1065,0.0418,0.0684,0.5095,NA,0.0089,3,NA,NA,NA
"559","dpz832g",0.6278,0.1561,6816,0.0381,0.2029,0.1809,0.0569,0.0816,0.4396,2016-09-17,0.0217,10,2,19268,4619
"560","dpz832h",0.5724,0.0099,55120,0.0338,0.1658,0.2535,0.0809,0.1665,0.2995,2012-10-06,NA,NA,NA,24526,854
"561","dpz832j",0.6395,0.0097,37335,0.0377,0.1691,0.253,0.0745,0.1575,0.3082,2008-04-22,NA,NA,7,7022,1604
"562","dpz832k",0.6491,0.0655,275,0.0293,0.2271,0.1392,0.0769,0.1868,0.3407,NA,0.0128,3,NA,NA,NA
"563","dpz832m",0.6213,0.0488,984,0.0123,0.2301,0.1585,0.0573,0.1227,0.4191,NA,NA,NA,NA,NA,NA
"564","dpz832n",1.0403,0.0492,61,0.0492,0.1967,0.2459,0.0656,0.0984,0.3442,NA,NA,NA,NA,NA,NA
"565","dpz832p",1.9815,0.0526,209,0.0144,0.2201,0.11,0.0431,0.1579,0.4545,NA,NA,NA,4,NA,NA
"566","dpz832q",0.8578,0.0542,1513,0.018,0.2193,0.1447,0.0587,0.118,0.4413,2011-05-02,NA,NA,3,6011,1034
"567","dpz832r",1.238,0.0139,26629,0.0337,0.1682,0.2088,0.0734,0.1451,0.3708,NA,NA,NA,NA,NA,NA
"568","dpz832s",0.5948,0.108,815,0.0185,0.2395,0.1815,0.0494,0.1062,0.4049,2009-12-16,0.0218,10,8,7773,709
"569","dpz832t",0.4964,0.0395,2788,0.0167,0.2274,0.1738,0.055,0.0999,0.4272,NA,NA,NA,NA,NA,NA
"570","dpz832u",0.5435,0.0446,224,0.0364,0.2182,0.1045,0.0455,0.1364,0.459,NA,NA,NA,NA,NA,NA
"571","dpz832v",0.8699,0.1227,269,0.0187,0.191,0.1573,0.1049,0.0936,0.4345,NA,0.0159,3,NA,NA,NA
"572","dpz832w",1.1409,0.0233,43,0,0.186,0.1163,0.0698,0.2558,0.3721,NA,NA,NA,NA,NA,NA
"573","dpz832x",0.8835,0.1971,5358,0.0147,0.2434,0.1325,0.0573,0.0767,0.4754,NA,NA,NA,NA,NA,NA
"574","dpz832y",0.7696,0.0568,88,0.046,0.2644,0.1724,0.0345,0.1724,0.3103,NA,NA,NA,NA,NA,NA
"575","dpz832z",0.5554,0.0714,56,0.0182,0.0727,0.1636,0.0909,0.2545,0.4001,NA,NA,NA,NA,NA,NA
"576","dpz8330",0.8248,0.0313,96,0,0.2083,0.0833,0.0521,0.2917,0.3646,NA,NA,NA,NA,NA,NA
"577","dpz8331",0.9441,0.0133,75,0.0133,0.16,0.12,0.04,0.3867,0.28,NA,NA,NA,NA,NA,NA
"578","dpz8332",0.5438,0.1471,1802,0.0129,0.2114,0.0705,0.0498,0.0721,0.5833,NA,NA,NA,7,NA,NA
"579","dpz8333",1.1605,0.0769,13,0,0,0.0769,0.0769,0.6923,0.1539,NA,NA,NA,NA,NA,NA
"580","dpz8334",2.6412,0.0222,45,0,0.0667,0.1556,0.0889,0.3556,0.3332,2015-05-15,NA,NA,NA,12364,538
"581","dpz8335",0.6204,0.0659,258,0.0078,0.3412,0.2039,0.0353,0.051,0.3608,NA,NA,NA,NA,NA,NA
"582","dpz8336",0.3714,0.1315,12559,0.0281,0.1968,0.1532,0.0674,0.0949,0.4596,2016-09-17,0.0149,7,2,17090,14705
"583","dpz8337",0.6436,0.1855,593,0.0051,0.1641,0.1337,0.0812,0.1574,0.4585,NA,NA,NA,NA,NA,NA
"584","dpz8338",0.9092,0.1473,292,0.0171,0.2637,0.0651,0.0548,0.137,0.4623,2009-07-30,0.0777,5,2,6505,1038
"585","dpz8339",0.9056,0.0182,55,0.0182,0.0909,0.5636,0.0909,0.0364,0.2,2016-09-17,0.0152,3,4,16256,7818
"586","dpz833b",1.1102,0.1159,164,0.0245,0.2699,0.0491,0.0613,0.1902,0.405,NA,NA,NA,11,NA,NA
"587","dpz833c",0.5606,0.0657,396,0.0152,0.1701,0.1015,0.0533,0.2107,0.4492,2016-09-17,0.0118,3,NA,14558,9693
"588","dpz833d",0.5051,0.0533,806,0.0288,0.2537,0.1462,0.0425,0.105,0.4238,NA,NA,NA,NA,NA,NA
"589","dpz833e",0.7105,0.0809,5139,0.0298,0.2268,0.094,0.0328,0.0514,0.5652,2015-08-18,0.06,6,2,10387,9463
"590","dpz833f",0.6308,0.0989,91,0,0.2308,0.1319,0.1319,0.1099,0.3955,NA,NA,NA,NA,NA,NA
"591","dpz833g",0.86,0.0241,249,0.0405,0.2429,0.1012,0.0688,0.0972,0.4494,2015-08-18,0.0285,5,6,9004,7477
"592","dpz833h",0.6033,0.0895,2906,0.0188,0.2397,0.1197,0.0483,0.1002,0.4733,NA,NA,NA,2,NA,NA
"593","dpz833j",0.4935,0.0562,1209,0.0217,0.2412,0.1394,0.0442,0.076,0.4775,2017-06-21,0.0204,3,4,15189,17689
"594","dpz833k",0.6382,0.0722,665,0.0166,0.2209,0.1528,0.0499,0.1362,0.4236,2015-06-22,0.0375,10,2,6090,7101
"595","dpz833m",0.606,0.0346,376,0.016,0.2453,0.1387,0.048,0.0907,0.4613,NA,NA,NA,2,NA,NA
"596","dpz833n",0.5465,0.0703,1963,0.0196,0.257,0.1092,0.0489,0.0875,0.4778,2015-04-20,NA,NA,NA,9921,13919
"597","dpz833p",0.5949,0.0526,38,0.1081,0.1081,0.1081,0.1081,0.027,0.5406,NA,NA,NA,NA,NA,NA
"598","dpz833q",0.5144,0.0341,499,0.0121,0.2133,0.1388,0.0885,0.0885,0.4588,2009-04-23,NA,NA,4,10712,12944
"599","dpz833r",0.6776,0.0442,249,0.0361,0.3494,0.1084,0.0402,0.0562,0.4097,NA,0.0158,4,NA,NA,NA
"600","dpz833s",0.6994,0.0767,3338,0.0266,0.2013,0.1056,0.0365,0.061,0.569,2017-05-17,NA,NA,5,9780,18756
"601","dpz833t",0.648,0.0982,1956,0.0196,0.2479,0.0914,0.0548,0.0883,0.498,NA,NA,NA,NA,NA,NA
"602","dpz833u",1.0336,0.0913,5347,0.0321,0.2293,0.1028,0.0366,0.0552,0.544,NA,NA,NA,NA,NA,NA
"603","dpz833v",0.587,0.08,4486,0.0322,0.2291,0.0984,0.0455,0.0601,0.5347,2017-06-15,0.0086,3,4,10620,16007
"604","dpz833w",0.7069,0.0647,201,0.0201,0.2764,0.0955,0.0653,0.0352,0.5075,2017-05-17,NA,NA,3,10325,25059
"605","dpz833x",0.9453,0.0313,160,0.0125,0.3563,0.0437,0.0437,0.1313,0.4125,NA,NA,NA,2,NA,NA
"606","dpz833y",0.7481,0.1098,601,0.0152,0.2054,0.1229,0.0606,0.0808,0.5151,2010-07-28,0.0201,7,NA,9502,3714
"607","dpz833z",0.4962,0.0584,2227,0.0236,0.2172,0.0975,0.0463,0.0612,0.5542,NA,NA,NA,NA,NA,NA
"608","dpz8340",1.2791,0.157,841,0.0084,0.2184,0.1468,0.0298,0.0418,0.5548,NA,NA,NA,NA,NA,NA
"609","dpz8341",0.6632,0.0283,953,0.0116,0.2104,0.0951,0.0317,0.0285,0.6227,NA,NA,NA,NA,NA,NA
"610","dpz8342",1.5419,0.3171,41,0,0.0488,0.6829,0.0244,0,0.2439,NA,NA,NA,NA,NA,NA
"611","dpz8343",0.6883,0.0433,208,0.0097,0.2029,0.1594,0.0338,0.0531,0.5411,NA,NA,NA,2,NA,NA
"612","dpz8344",0.8938,0.049,245,0.0041,0.2459,0.0697,0.0369,0.0328,0.6106,NA,NA,NA,NA,NA,NA
"613","dpz8345",1.3058,0.3582,67,0,0.3582,0.1343,0.0299,0.0299,0.4477,2015-04-02,NA,NA,3,9841,2137
"614","dpz8346",0.5975,0.0352,142,0.0071,0.1631,0.1135,0.0071,0.2482,0.461,NA,NA,NA,NA,NA,NA
"615","dpz8347",0.3947,0.013,2545,0.0186,0.1906,0.1083,0.0316,0.0601,0.5908,NA,NA,NA,NA,NA,NA
"616","dpz8348",0.562,0.0887,1308,0.0285,0.1986,0.0985,0.0531,0.0377,0.5836,NA,NA,NA,5,NA,NA
"617","dpz8349",0.6645,0.1579,57,0,0.2456,0.1754,0.0526,0.0526,0.4738,NA,NA,NA,NA,NA,NA
"618","dpz834b",0.5268,0.0219,183,0.011,0.2099,0.1436,0.0773,0.0718,0.4864,NA,NA,NA,NA,NA,NA
"619","dpz834c",0.6654,0.0769,52,0,0.2885,0.2115,0.0577,0.0385,0.4038,NA,NA,NA,NA,NA,NA
"620","dpz834d",0.4586,0.0706,8202,0.0217,0.1947,0.133,0.045,0.1037,0.5019,2015-04-11,NA,NA,4,15414,10194
"621","dpz834e",1.0165,0.0612,49,0.0204,0.2245,0.0612,0,0.0408,0.6531,NA,NA,NA,5,NA,NA
"622","dpz834f",0.4318,0.1688,77,0.039,0.2208,0.0779,0,0.026,0.6363,NA,NA,NA,6,NA,NA
"623","dpz834g",0.8249,0.1255,996,0.0161,0.1715,0.1019,0.0252,0.0555,0.6298,NA,NA,NA,NA,NA,NA
"624","dpz834h",1.344,0.1733,606,0.0199,0.2632,0.1242,0.043,0.0993,0.4504,NA,NA,NA,NA,NA,NA
"625","dpz834j",1.1342,0.0345,29,0.0345,0.4138,0.2414,0.0345,0.0345,0.2413,NA,NA,NA,NA,NA,NA
"626","dpz834m",0.7238,0.1556,45,0,0.1333,0.2,0.0444,0.0667,0.5556,NA,NA,NA,NA,NA,NA
"627","dpz834n",0.8025,0.0709,1311,0.0115,0.215,0.101,0.0321,0.0352,0.6052,NA,NA,NA,NA,NA,NA
"628","dpz834p",1.1879,0.2305,295,0.0207,0.2621,0.1793,0.1241,0.0759,0.3379,NA,NA,NA,NA,NA,NA
"629","dpz834q",1.0048,0.0206,194,0,0.0103,0.0258,0,0,0.9639,NA,NA,NA,NA,NA,NA
"630","dpz834r",0.6926,0.3,20,0,0.1,0.35,0,0,0.55,NA,NA,NA,NA,NA,NA
"631","dpz834s",0.5372,0.0685,511,0.0236,0.1984,0.0923,0.0413,0.0668,0.5776,NA,NA,NA,NA,NA,NA
"632","dpz834t",1.0361,0.025,40,0,0.275,0.15,0.1,0.1,0.375,2009-08-12,NA,NA,4,9481,4598
"633","dpz834u",0.6587,0.0656,305,0.0066,0.2566,0.1151,0.0164,0.0329,0.5724,NA,NA,NA,NA,NA,NA
"634","dpz834v",1.0402,0.142,169,0.0182,0.2242,0.1576,0.0242,0.1212,0.4546,NA,NA,NA,NA,NA,NA
"635","dpz834w",1.1078,0.1786,28,0,0.0714,0.1429,0.0714,0,0.7143,NA,NA,NA,2,NA,NA
"636","dpz834x",0.8588,0.2105,19,0,0.4211,0.0526,0.0526,0.2105,0.2632,NA,NA,NA,3,NA,NA
"637","dpz834y",0.9845,0.0385,26,0.0385,0.1154,0.2692,0.0769,0.0769,0.4231,NA,NA,NA,NA,NA,NA
"638","dpz834z",0.4284,0.5455,11,0,0.3636,0.4545,0,0.0909,0.091,NA,NA,NA,NA,NA,NA
"639","dpz8350",0.7979,0.0833,744,0.0109,0.2323,0.0951,0.0353,0.0272,0.5992,NA,NA,NA,NA,NA,NA
"640","dpz8351",0.8398,0.2857,35,0,0.2857,0.2286,0.1143,0.0286,0.3428,2015-04-02,NA,NA,2,10334,2241
"641","dpz8352",0.6212,0.0175,57,0.0175,0.1404,0.0526,0.193,0.0526,0.5439,NA,NA,NA,4,NA,NA
"642","dpz8353",1.7157,0.1111,27,0,0.1481,0.0741,0.037,0.2593,0.4815,2015-04-11,0.0246,7,19,14329,8776
"643","dpz8354",1.1407,0.0521,96,0.0104,0.2188,0.0729,0.0729,0.0729,0.5521,NA,NA,NA,NA,NA,NA
"644","dpz8355",0.7781,0.0346,2024,0.0134,0.1303,0.0721,0.0229,0.0284,0.7329,NA,NA,NA,NA,NA,NA
"645","dpz8356",0.9826,0.2694,438,0.0115,0.2729,0.0986,0.0872,0.0573,0.4725,NA,NA,NA,NA,NA,NA
"646","dpz8357",1.2826,0.1034,474,0.0148,0.2236,0.0802,0.0802,0.0485,0.5527,NA,NA,NA,NA,NA,NA
"647","dpz8358",0.7306,0.0472,106,0,0.0849,0.4717,0.0377,0.1415,0.2642,NA,NA,NA,7,NA,NA
"648","dpz8359",0.7563,0.0738,488,0.0062,0.1543,0.0679,0.035,0.0823,0.6543,NA,NA,NA,NA,NA,NA
"649","dpz835b",0.3922,0.0091,660,0.0091,0.2192,0.1263,0.0396,0.0807,0.5251,NA,NA,NA,NA,NA,NA
"650","dpz835c",1.0391,0.2286,35,0,0.2647,0.1471,0,0.0294,0.5588,NA,NA,NA,NA,NA,NA
"651","dpz835d",1.0151,0.3429,70,0,0.2,0.0857,0.2857,0,0.4286,2017-01-17,NA,NA,5,9614,3907
"652","dpz835e",0.8964,0.0417,24,0,0.0417,0.125,0,0,0.8333,NA,NA,NA,4,NA,NA
"653","dpz835f",0.875,0.0631,491,0.0082,0.2033,0.1643,0.0287,0.0513,0.5442,NA,NA,NA,NA,NA,NA
"654","dpz835g",0.6649,0.0524,592,0.0135,0.181,0.1489,0.0406,0.0338,0.5822,NA,NA,NA,NA,NA,NA
"655","dpz835h",2.8918,0.0417,24,0,0.4167,0.0833,0.0417,0.0417,0.4166,NA,NA,NA,NA,NA,NA
"656","dpz835j",0.8736,0.0783,2631,0.0168,0.0954,0.0473,0.0187,0.021,0.8008,NA,NA,NA,NA,NA,NA
"657","dpz835k",1.2684,0.0294,34,0,0.1765,0.1176,0.0294,0.0588,0.6177,NA,NA,NA,3,NA,NA
"658","dpz835m",1.4792,0.1034,29,0,0.1379,0,0,0.069,0.7931,NA,NA,NA,NA,NA,NA
"659","dpz835n",1.1101,0.1111,90,0.0222,0.2333,0.1333,0.0778,0.0333,0.5001,NA,NA,NA,NA,NA,NA
"660","dpz835p",0.5968,0.1541,714,0.0014,0.1678,0.1114,0.0494,0.055,0.615,2012-09-17,NA,NA,4,8810,2635
"661","dpz835q",1.2559,0.0333,30,0,0.1724,0,0.0345,0.0345,0.7586,NA,NA,NA,6,NA,NA
"662","dpz835r",0.6609,0.2703,37,0,0.2162,0.1081,0.1351,0.0541,0.4865,2012-08-22,0.0099,4,7,6586,7440
"663","dpz835s",1.112,0.2301,226,0.0179,0.2589,0.3839,0.1071,0.0179,0.2143,2017-01-17,NA,NA,NA,10055,3491
"664","dpz835t",1.4704,0.1818,11,0,0.2727,0.2727,0.0909,0.3636,1e-04,NA,NA,NA,NA,NA,NA
"665","dpz835u",0.8313,0.1414,396,0.0076,0.3528,0.1726,0.0279,0.0279,0.4112,NA,NA,NA,NA,NA,NA
"666","dpz835v",0.5549,0.0396,101,0,0.3069,0.1188,0.1386,0.0792,0.3565,NA,NA,NA,NA,NA,NA
"667","dpz835w",0.5884,0.0313,32,0,0.0938,0.1563,0.2813,0.0938,0.3748,2017-01-14,0.0074,3,NA,14353,10810
"668","dpz835x",0.6416,0.0725,4965,0.0221,0.1813,0.1002,0.0568,0.0763,0.5633,NA,0.0146,4,3,NA,NA
"669","dpz835y",1.2475,0.05,20,0,0.25,0.15,0.1,0.15,0.35,NA,NA,NA,2,NA,NA
"670","dpz835z",0.8798,0.1471,68,0,0.2206,0.2353,0.0882,0.2059,0.25,NA,NA,NA,3,NA,NA
"671","dpz8360",0.8066,0.4964,137,0,0.2059,0.1912,0.0662,0.0735,0.4632,NA,NA,NA,NA,NA,NA
"672","dpz8361",0.6842,0.069,203,0.0249,0.2438,0.0647,0.0647,0.1493,0.4526,2016-09-17,NA,NA,4,15709,19460
"673","dpz8362",1.046,0.0351,57,0.0175,0.2105,0.2281,0.0351,0.1053,0.4035,2012-08-28,NA,NA,NA,9635,5444
"674","dpz8363",0.8398,0.0897,78,0.0263,0.2237,0.1447,0.0395,0.1053,0.4605,NA,NA,NA,NA,NA,NA
"675","dpz8364",1.0894,0.1326,362,0.0028,0.2105,0.1191,0.1551,0.1717,0.3408,NA,NA,NA,NA,NA,NA
"676","dpz8365",1.4282,0.2679,56,0,0.1429,0.0893,0.0357,0.2321,0.5,2017-06-14,0.0283,3,NA,8832,11307
"677","dpz8366",1.8195,0.0345,58,0.0862,0.2414,0.0517,0.0517,0.0517,0.5173,NA,NA,NA,NA,NA,NA
"678","dpz8367",1.51,0.1372,277,0.0181,0.2671,0.1661,0.0433,0.1191,0.3863,NA,NA,NA,NA,NA,NA
"679","dpz8368",0.751,0.1192,369,0.0244,0.1491,0.187,0.1301,0.1247,0.3847,NA,NA,NA,6,NA,NA
"680","dpz8369",1.4346,0.1231,65,0,0.1563,0.2969,0.125,0.0156,0.4062,NA,NA,NA,2,NA,NA
"681","dpz836b",0.8859,0.0385,26,0,0.0385,0.1538,0.0769,0.5,0.2308,2015-04-11,NA,NA,5,11107,26960
"682","dpz836c",0.931,0.1429,91,0.022,0.1099,0.0769,0.044,0.2088,0.5384,2013-03-27,NA,NA,2,7630,9393
"683","dpz836d",0.8717,0.0957,460,0.0219,0.2582,0.1597,0.0438,0.0438,0.4726,NA,NA,NA,NA,NA,NA
"684","dpz836e",0.6926,0.1947,226,0.0179,0.2411,0.1786,0.0536,0.0804,0.4284,NA,NA,NA,NA,NA,NA
"685","dpz836f",1.118,0.0741,27,0,0.1481,0.1111,0,0.3333,0.4075,NA,NA,NA,NA,NA,NA
"686","dpz836g",0.4247,0.0218,413,0.0244,0.2249,0.0929,0.0513,0.0562,0.5503,2013-03-28,NA,NA,NA,11610,4911
"687","dpz836h",0.7927,0.1375,240,0.0042,0.2101,0.0714,0.0126,0.1681,0.5336,NA,0.031,13,NA,NA,NA
"688","dpz836j",0.6753,0.0895,8466,0.0309,0.224,0.0875,0.0455,0.0666,0.5455,2017-06-14,0.032,22,7,9183,24081
"689","dpz836k",0.7269,0.2917,168,0.0179,0.25,0.131,0.0357,0.0238,0.5416,NA,NA,NA,NA,NA,NA
"690","dpz836m",0.9799,0.0615,244,0.0165,0.214,0.1193,0.0741,0.1399,0.4362,NA,NA,NA,NA,NA,NA
"691","dpz836n",0.6107,0.1784,1996,0.0156,0.2494,0.0702,0.0424,0.0868,0.5356,2012-07-11,0.041,8,2,8831,5417
"692","dpz836p",0.8154,0.0769,351,0.0287,0.2356,0.092,0.0718,0.1523,0.4196,NA,NA,NA,3,NA,NA
"693","dpz836q",0.8694,0.1046,459,0.0132,0.2747,0.1253,0.0813,0.0835,0.422,NA,NA,NA,2,NA,NA
"694","dpz836r",1.0129,0.0472,360,0.0139,0.1755,0.1978,0.0613,0.0808,0.4707,2008-02-25,NA,NA,7,7554,3438
"695","dpz836s",0.6948,0.3824,34,0,0.4118,0.1765,0.0294,0.1176,0.2647,NA,NA,NA,NA,NA,NA
"696","dpz836t",0.9978,0.1071,28,0,0.25,0.2143,0.0357,0.0714,0.4286,NA,NA,NA,NA,NA,NA
"697","dpz836u",0.9829,0.0455,22,0,0.1364,0.1818,0.0909,0.2273,0.3636,NA,NA,NA,NA,NA,NA
"698","dpz836v",0.6996,0.0588,17,0.0588,0.2353,0.1176,0,0.0588,0.5295,NA,NA,NA,NA,NA,NA
"699","dpz836w",1.139,0.0144,347,0.0465,0.2326,0.186,0.0407,0.0785,0.4157,NA,NA,NA,NA,NA,NA
"700","dpz836x",0.5023,0.125,24,0.0417,0.5417,0.2083,0,0.0833,0.125,NA,NA,NA,NA,NA,NA
"701","dpz836y",0.6685,0.0979,286,0.0386,0.3789,0.2737,0.0456,0.0737,0.1895,NA,NA,NA,NA,NA,NA
"702","dpz836z",0.6699,0.0562,8897,0.0424,0.2266,0.1139,0.0413,0.0651,0.5107,2016-11-10,NA,NA,NA,23658,7660
"703","dpz8370",0.8047,0.0915,164,0.0123,0.2346,0.1235,0,0.2778,0.3518,NA,NA,NA,NA,NA,NA
"704","dpz8371",0.5755,0.1488,605,0.0083,0.2363,0.1747,0.025,0.0416,0.5141,NA,NA,NA,NA,NA,NA
"705","dpz8372",0.6916,0.022,91,0,0.1209,0.1648,0.022,0.1429,0.5494,NA,NA,NA,NA,NA,NA
"706","dpz8373",1.2798,0.1111,18,0,0.4444,0.0556,0,0.2778,0.2222,NA,NA,NA,NA,NA,NA
"707","dpz8374",1.3928,0.1034,29,0,0.1034,0.1379,0.069,0.2414,0.4483,NA,NA,NA,NA,NA,NA
"708","dpz8375",1.1028,0.1207,116,0.0175,0.0702,0.0702,0.2719,0.0439,0.5263,NA,NA,NA,NA,NA,NA
"709","dpz8376",0.5023,0.006,496,0.0082,0.2106,0.092,0.0184,0.045,0.6258,NA,NA,NA,5,NA,NA
"710","dpz8377",0.8309,0.1014,69,0,0.0725,0.1014,0.1739,0.2174,0.4348,NA,NA,NA,NA,NA,NA
"711","dpz8378",0.9864,0.1667,126,0,0.246,0.1587,0.1349,0.0556,0.4048,2017-01-17,NA,NA,NA,10110,7346
"712","dpz8379",0.6475,0.0897,145,0.0069,0.2828,0.1103,0.069,0.0483,0.4827,NA,NA,NA,2,NA,NA
"713","dpz837b",0.9642,0.0833,36,0,0.1389,0.4167,0.1389,0.0278,0.2777,NA,NA,NA,NA,NA,NA
"714","dpz837c",0.6946,0.037,108,0.0189,0.2453,0.1038,0.0377,0.0943,0.5,2017-01-16,NA,NA,NA,13259,16624
"715","dpz837d",0.5381,0.0395,430,0.0117,0.25,0.1145,0.1425,0.0491,0.4322,NA,NA,NA,NA,NA,NA
"716","dpz837e",1.182,0.0526,38,0,0.2895,0.0789,0.0263,0.5526,0.0527,NA,NA,NA,NA,NA,NA
"717","dpz837f",1.0452,0.0494,81,0,0.3457,0.1235,0.3333,0.0494,0.1481,NA,NA,NA,2,NA,NA
"718","dpz837g",0.6773,0.1863,483,0,0.7292,0.1,0.0542,0.0187,0.0979,2017-01-17,NA,NA,6,11346,7722
"719","dpz837h",0.6415,0.0721,111,0.018,0.0901,0.045,0.3423,0.036,0.4686,2015-04-13,NA,NA,4,10100,11071
"720","dpz837j",1.1931,0.0476,21,0.0476,0.1429,0.1905,0.0476,0.0476,0.5238,NA,NA,NA,NA,NA,NA
"721","dpz837k",1.562,0.0938,32,0,0.125,0.25,0.0625,0.125,0.4375,NA,NA,NA,NA,NA,NA
"722","dpz837m",0.7198,0.0641,156,0.0321,0.1795,0.0962,0.0833,0.1795,0.4294,NA,NA,NA,NA,NA,NA
"723","dpz837n",0.639,0.089,382,0.0289,0.3368,0.1053,0.0368,0.0974,0.3948,NA,NA,NA,NA,NA,NA
"724","dpz837p",0.5975,0.0815,12005,0.048,0.2204,0.1085,0.0417,0.0659,0.5155,2016-11-10,NA,NA,15,30191,28927
"725","dpz837q",0.6724,0.0764,9395,0.0435,0.223,0.1129,0.0427,0.0638,0.5141,2016-11-10,NA,NA,12,26595,17276
"726","dpz837r",0.5765,0.0615,846,0.0226,0.2259,0.1451,0.0559,0.1177,0.4328,NA,NA,NA,2,NA,NA
"727","dpz837s",0.9407,0.0522,134,0.0224,0.2388,0.2164,0.0522,0.1343,0.3359,NA,NA,NA,NA,NA,NA
"728","dpz837t",1.463,0.0469,128,0.0078,0.1719,0.2813,0.0625,0.2109,0.2656,NA,NA,NA,3,NA,NA
"729","dpz837u",1.1734,0.0682,44,0.0227,0.6136,0.0455,0.1818,0,0.1364,NA,NA,NA,NA,NA,NA
"730","dpz837v",0.7336,0.0909,77,0.026,0.1948,0.1169,0.013,0.2727,0.3766,NA,NA,NA,NA,NA,NA
"731","dpz837w",0.5639,0.0165,121,0.0667,0.1917,0.1167,0.0583,0.1583,0.4083,2017-01-18,0.04,15,12,25653,9081
"732","dpz837x",0.7464,0.0144,208,0.034,0.2233,0.1165,0.0243,0.0825,0.5194,NA,NA,NA,2,NA,NA
"733","dpz837y",1.7618,0.0364,55,0,0.2182,0.1091,0.0545,0.2545,0.3637,NA,NA,NA,NA,NA,NA
"734","dpz837z",0.5917,0.1429,14,0.0714,0.2143,0.1429,0,0,0.5714,NA,NA,NA,NA,NA,NA
"735","dpz8380",2.3111,0.093,43,0.0465,0.3488,0.1163,0.0233,0.0233,0.4418,2012-02-15,NA,NA,5,6665,2434
"736","dpz8381",0.5016,0.0873,126,0.0159,0.2222,0.119,0.1508,0.0556,0.4365,NA,NA,NA,NA,NA,NA
"737","dpz8382",0.6143,0.1828,1581,0.016,0.2075,0.1117,0.0639,0.1041,0.4968,2012-08-25,NA,NA,2,22733,1895
"738","dpz8383",0.5893,0.0167,5385,0.0341,0.1881,0.168,0.0513,0.1171,0.4414,NA,NA,NA,NA,NA,NA
"739","dpz8384",1.5363,0.0625,16,0.0625,0.125,0.0625,0.0625,0.25,0.4375,NA,NA,NA,NA,NA,NA
"740","dpz8385",0.6741,0.0769,169,0.006,0.25,0.2321,0.1488,0.1845,0.1786,NA,NA,NA,NA,NA,NA
"741","dpz8386",0.6062,0.0445,1954,0.0299,0.2094,0.149,0.0588,0.1542,0.3987,2012-10-06,NA,NA,12,7069,1587
"742","dpz8387",0.5561,0.1595,1229,0.0123,0.2148,0.1279,0.0689,0.1451,0.431,2009-04-23,0.014,3,NA,7181,2104
"743","dpz8388",1.5418,0.0702,242,0.0248,0.2521,0.1446,0.0331,0.0744,0.471,NA,NA,NA,NA,NA,NA
"744","dpz8389",3.5516,0.0435,23,0.0435,0.4348,0.087,0,0.2174,0.2173,NA,NA,NA,NA,NA,NA
"745","dpz838b",2.3852,0.0667,45,0,0.1333,0.1333,0.0222,0.1111,0.6001,NA,NA,NA,NA,NA,NA
"746","dpz838c",1.8993,0.0436,275,0.0255,0.292,0.1606,0.0328,0.0693,0.4198,NA,NA,NA,NA,NA,NA
"747","dpz838d",2.1345,0.0113,177,0.0339,0.1073,0.1695,0.0508,0.226,0.4125,NA,NA,NA,NA,NA,NA
"748","dpz838e",0.6456,0.018,20263,0.0302,0.1816,0.2363,0.0737,0.1475,0.3307,NA,NA,NA,NA,NA,NA
"749","dpz838f",0.4772,0.0429,303,0.0135,0.2399,0.1047,0.0405,0.1014,0.5,2009-11-23,NA,NA,NA,6151,1675
"750","dpz838g",0.7917,0.0205,1317,0.0313,0.195,0.0948,0.0558,0.0856,0.5375,NA,0.031,3,2,NA,NA
"751","dpz838h",1.3386,0.125,16,0,0,0.3125,0.4375,0.1875,0.0625,NA,NA,NA,NA,NA,NA
"752","dpz838j",0.7305,0.0833,36,0.0278,0.3889,0.1667,0.1111,0.0278,0.2777,NA,NA,NA,NA,NA,NA
"753","dpz838k",0.8198,0.0967,331,0.0183,0.3079,0.1159,0.1037,0.1402,0.314,2009-04-22,0.0133,6,2,9230,4629
"754","dpz838m",0.7021,0.1757,148,0.0068,0.3401,0.3061,0.0204,0.1497,0.1769,NA,NA,NA,3,NA,NA
"755","dpz838n",0.6051,0.1458,48,0,0.4167,0.3125,0,0.0833,0.1875,NA,NA,NA,NA,NA,NA
"756","dpz838q",1.1548,0.1944,72,0.0139,0.3889,0.2639,0.0139,0.1111,0.2083,NA,NA,NA,NA,NA,NA
"757","dpz838r",0.7608,0.3488,43,0.0698,0.1395,0.3721,0,0.0698,0.3488,NA,NA,NA,NA,NA,NA
"758","dpz838s",0.5423,0.0082,20919,0.0335,0.1833,0.246,0.07,0.1269,0.3403,2012-08-21,NA,NA,5,24814,7285
"759","dpz838t",0.5189,0.03,466,0.0173,0.1753,0.1645,0.0801,0.171,0.3918,NA,NA,NA,NA,NA,NA
"760","dpz838u",0.8029,0.1343,5286,0.0414,0.191,0.1306,0.0637,0.1001,0.4732,2016-10-04,NA,NA,5,15023,12237
"761","dpz838v",0.4431,0.0034,18943,0.0289,0.1818,0.2249,0.0756,0.1464,0.3424,NA,NA,NA,NA,NA,NA
"762","dpz838w",0.5994,0.0422,782,0.0233,0.1969,0.1554,0.0712,0.1723,0.3809,NA,NA,NA,3,NA,NA
"763","dpz838x",1.0075,0.0677,133,0,0.0752,0.0752,0.1429,0.0301,0.6766,2017-07-19,NA,NA,NA,11043,12772
"764","dpz838y",0.7639,0.0034,17151,0.0351,0.1761,0.2554,0.0696,0.1365,0.3273,2012-08-22,NA,NA,16,17008,13149
"765","dpz838z",0.8204,0.0781,2201,0.0256,0.1939,0.1504,0.0832,0.1788,0.3681,2009-06-09,0.0169,4,10,18261,7776
"766","dpz8390",0.6178,0.0345,58,0.0179,0.2143,0.0714,0.0714,0.0536,0.5714,NA,NA,NA,NA,NA,NA
"767","dpz8391",1.2488,0.0417,24,0.0833,0.2083,0.125,0.125,0.0417,0.4167,NA,NA,NA,NA,NA,NA
"768","dpz8392",0.6542,0.0427,750,0.0256,0.2948,0.1023,0.0511,0.0915,0.4347,NA,NA,NA,5,NA,NA
"769","dpz8393",0.5729,0.0483,724,0.0321,0.2193,0.1592,0.0726,0.0726,0.4442,2015-06-16,NA,NA,4,11290,31351
"770","dpz8394",2.1182,0.0714,28,0.0357,0.1786,0.0714,0.1429,0.0357,0.5357,NA,NA,NA,2,NA,NA
"771","dpz8395",1.4204,0.1,30,0.0333,0.1333,0.1333,0.0667,0.2,0.4334,NA,0.0548,4,2,NA,NA
"772","dpz8396",0.7511,0.045,3020,0.0411,0.1866,0.1405,0.0534,0.0821,0.4963,NA,NA,NA,2,NA,NA
"773","dpz8397",1.0919,0.1062,989,0.0499,0.1548,0.1609,0.055,0.1222,0.4572,2016-09-17,NA,NA,NA,16857,17564
"774","dpz8398",0.6293,0.0339,620,0.0242,0.2682,0.0937,0.0372,0.0582,0.5185,NA,NA,NA,NA,NA,NA
"775","dpz8399",0.4374,0.0665,1249,0.0241,0.2578,0.1518,0.0618,0.0651,0.4394,2017-02-02,NA,NA,3,9034,17868
"776","dpz839b",0.603,0.0558,394,0.0179,0.2385,0.0846,0.0897,0.059,0.5103,2017-05-17,NA,NA,2,8437,25628
"777","dpz839c",0.5306,0.0774,3733,0.0421,0.2105,0.1169,0.0564,0.0812,0.4929,2016-09-17,0.014,6,10,16694,8406
"778","dpz839d",0.5383,0.0903,1461,0.0455,0.1875,0.1385,0.0751,0.0937,0.4597,2015-04-20,NA,NA,6,18390,18152
"779","dpz839e",0.4511,0.0767,939,0.028,0.2172,0.143,0.0634,0.0753,0.4731,2017-06-21,NA,NA,4,5575,32338
"780","dpz839f",0.4979,0.0281,391,0.0517,0.1705,0.1473,0.0672,0.0775,0.4858,2016-11-10,NA,NA,NA,12474,20091
"781","dpz839g",0.7136,0.0313,447,0.0317,0.1565,0.1111,0.1088,0.0794,0.5125,NA,NA,NA,10,NA,NA
"782","dpz839h",1.703,0.0385,26,0,0.0769,0.1538,0.1538,0.2692,0.3463,NA,NA,NA,NA,NA,NA
"783","dpz839j",1.2356,0.0204,49,0.0204,0.2041,0.1633,0.0204,0.0612,0.5306,NA,NA,NA,NA,NA,NA
"784","dpz839k",1.8305,0.0278,72,0,0.1528,0.2222,0.0972,0.0972,0.4306,NA,NA,NA,NA,NA,NA
"785","dpz839m",1.046,0.0213,47,0.0435,0.087,0.2174,0.0435,0.3261,0.2825,NA,NA,NA,NA,NA,NA
"786","dpz839n",0.5133,0.0164,61,0,0.0833,0.2333,0.1,0.2167,0.3667,NA,NA,NA,4,NA,NA
"787","dpz839p",0.7166,0.0077,19118,0.0366,0.1811,0.2525,0.0705,0.1395,0.3198,NA,0.0081,3,NA,NA,NA
"788","dpz839q",1.1922,0.0723,83,0.012,0.1325,0.1566,0.0843,0.1205,0.4941,NA,0.045,3,6,NA,NA
"789","dpz839r",2.1835,0.0517,58,0.0172,0.069,0.2069,0.0517,0.2069,0.4483,NA,NA,NA,NA,NA,NA
"790","dpz839s",0.6955,0.05,580,0.0294,0.1315,0.1592,0.0952,0.1609,0.4238,NA,NA,NA,NA,NA,NA
"791","dpz839t",0.7815,0.0564,691,0.0379,0.1793,0.1166,0.0656,0.0948,0.5058,2009-04-22,NA,NA,NA,18965,17115
"792","dpz839u",0.512,0.033,546,0.039,0.141,0.1243,0.1076,0.115,0.4731,NA,0.0415,4,NA,NA,NA
"793","dpz839v",0.4069,0.0589,883,0.032,0.2071,0.1201,0.0549,0.0732,0.5127,2016-11-10,NA,NA,10,15543,47561
"794","dpz839w",0.4487,0.0596,2315,0.0312,0.229,0.1101,0.0542,0.0555,0.52,NA,NA,NA,3,NA,NA
"795","dpz839x",0.8231,0.0616,2061,0.0181,0.26,0.1017,0.0635,0.0841,0.4726,2016-09-17,NA,NA,7,10996,10950
"796","dpz839y",0.595,0.08,1676,0.024,0.2242,0.1496,0.0703,0.1172,0.4147,NA,0.0392,3,NA,NA,NA
"797","dpz839z",0.5619,0.0288,1251,0.0281,0.291,0.1214,0.0699,0.0836,0.406,2014-05-06,0.0256,9,6,13620,26656
"798","dpz83b2",0.6047,0.0455,22,0,0.0455,0,0.2273,0.1818,0.5454,NA,NA,NA,NA,NA,NA
"799","dpz83b3",0.6439,0.1429,14,0,0.2857,0.6429,0,0,0.0714,NA,NA,NA,NA,NA,NA
"800","dpz83b8",0.6567,0.086,1477,0.0164,0.208,0.1241,0.0962,0.1583,0.397,NA,0.0462,5,NA,NA,NA
"801","dpz83b9",1.0328,0.1077,418,0.0147,0.1711,0.1516,0.0905,0.2543,0.3178,NA,NA,NA,NA,NA,NA
"802","dpz83bb",0.6629,0.1443,4996,0.0206,0.1889,0.1519,0.0794,0.1662,0.393,NA,0.0259,5,NA,NA,NA
"803","dpz83bc",1.1027,0.1316,38,0,0.1579,0.1053,0.0789,0.4211,0.2368,2009-04-22,0.0261,10,NA,9669,1160
"804","dpz83bd",1.5559,0.1471,34,0.0294,0.4706,0.2059,0.0882,0.0882,0.1177,NA,NA,NA,NA,NA,NA
"805","dpz83be",0.5465,0.0874,183,0,0.0273,0.0984,0.0383,0.4262,0.4098,NA,NA,NA,NA,NA,NA
"806","dpz83bf",1.0572,0.0103,1260,0.0224,0.1689,0.1369,0.0817,0.2218,0.3683,NA,0.0873,6,NA,NA,NA
"807","dpz83bg",0.8075,0.0096,104,0,0.0577,0.2212,0.0288,0.3558,0.3365,NA,NA,NA,NA,NA,NA
"808","dpz83bs",0.4952,0.0287,209,0,0.0335,0.0957,0.0431,0.4402,0.3875,NA,NA,NA,NA,NA,NA
"809","dpz83bu",1.3362,0.0435,46,0,0.0217,0.1304,0.0435,0.4783,0.3261,NA,NA,NA,NA,NA,NA
"810","dpz83c0",0.8954,0.0113,19979,0.0331,0.1871,0.2235,0.0747,0.1402,0.3414,2012-09-08,NA,NA,22,10520,2020
"811","dpz83c1",1.6589,0.0238,42,0.0476,0.0714,0.119,0.1429,0.2619,0.3572,NA,NA,NA,NA,NA,NA
"812","dpz83c2",2.1806,0.2635,148,0.0136,0.0408,0.3197,0.0952,0.2109,0.3198,NA,NA,NA,NA,NA,NA
"813","dpz83c3",1.4557,0.1111,18,0.0556,0,0.2222,0,0.5,0.2222,NA,NA,NA,4,NA,NA
"814","dpz83c4",1.7022,0.0192,104,0.0291,0.068,0.1456,0.0971,0.2913,0.3689,NA,NA,NA,NA,NA,NA
"815","dpz83c5",1.1646,0.0285,6625,0.0198,0.1907,0.1687,0.0785,0.1981,0.3442,NA,NA,NA,NA,NA,NA
"816","dpz83c6",1.3522,0.0211,4073,0.0304,0.225,0.1655,0.0625,0.129,0.3876,NA,NA,NA,NA,NA,NA
"817","dpz83c7",1.4052,0.0795,264,0.0152,0.1749,0.1331,0.0837,0.2548,0.3383,NA,NA,NA,NA,NA,NA
"818","dpz83c8",0.6586,0.0547,256,0.012,0.22,0.092,0.116,0.168,0.392,NA,NA,NA,NA,NA,NA
"819","dpz83c9",1.4128,0.0577,52,0.0192,0.1923,0.1346,0.0769,0.1731,0.4039,NA,NA,NA,2,NA,NA
"820","dpz83cb",0.8938,0.0733,3532,0.0223,0.2674,0.0979,0.0682,0.0842,0.46,NA,0.0303,3,2,NA,NA
"821","dpz83cc",0.6761,0.0598,2057,0.0196,0.2455,0.1617,0.0593,0.1039,0.41,2015-04-20,0.024,3,NA,10467,7381
"822","dpz83cd",0.9773,0.2335,2270,0.0155,0.2282,0.1483,0.0639,0.1048,0.4393,2013-08-13,NA,NA,3,4006,5271
"823","dpz83ce",1.0765,0.0706,170,0.0178,0.1893,0.2012,0.0118,0.0888,0.4911,NA,NA,NA,NA,NA,NA
"824","dpz83cf",0.876,0.3276,3071,0.0161,0.231,0.1618,0.067,0.1116,0.4125,NA,NA,NA,NA,NA,NA
"825","dpz83cg",0.7618,0.2424,33,0,0.1212,0.3939,0,0.0606,0.4243,2017-06-27,0.0213,8,7,12239,5396
"826","dpz83ch",1.7854,0.0984,4603,0.0186,0.1952,0.1725,0.0765,0.1955,0.3417,NA,NA,NA,NA,NA,NA
"827","dpz83cj",1.0466,0.0836,1160,0.026,0.1639,0.1535,0.0867,0.2307,0.3392,2009-03-30,0.0674,18,2,7542,922
"828","dpz83ck",1.1976,0.0171,35073,0.0365,0.1925,0.2704,0.08,0.1446,0.276,2012-08-25,NA,NA,13,22735,1895
"829","dpz83cm",1.1146,0.1471,170,0,0.1529,0.1882,0.0824,0.2294,0.3471,NA,NA,NA,NA,NA,NA
"830","dpz83cn",1.3469,0.0044,225,0.0267,0.12,0.1156,0.0933,0.3156,0.3288,NA,0.1527,20,NA,NA,NA
"831","dpz83cp",0.5964,0.1912,502,0.0219,0.3426,0.1175,0.0876,0.1215,0.3089,NA,NA,NA,NA,NA,NA
"832","dpz83cq",2.1253,0.0133,75,0,0.1333,0.12,0.04,0.4533,0.2534,NA,NA,NA,NA,NA,NA
"833","dpz83cr",1.6087,0.2788,789,0.0191,0.3244,0.187,0.0649,0.1221,0.2825,2018-01-24,0.0222,4,NA,6142,717
"834","dpz83cs",0.6738,0.0129,310,0.0163,0.1503,0.1928,0.0556,0.1013,0.4837,NA,0.013,3,3,NA,NA
"835","dpz83ct",0.9662,0.0017,31200,0.038,0.1967,0.2714,0.0769,0.1367,0.2803,NA,NA,NA,3,NA,NA
"836","dpz83cu",0.6741,0.0256,39,0.0513,0.2308,0.2564,0.0769,0.1282,0.2564,NA,NA,NA,NA,NA,NA
"837","dpz83cv",0.8213,0.125,32,0,0.4516,0.1935,0.0323,0.0323,0.2903,NA,NA,NA,NA,NA,NA
"838","dpz83cw",1.219,0.0909,55,0.0182,0.1273,0.1818,0.0545,0.1091,0.5091,NA,NA,NA,NA,NA,NA
"839","dpz83cx",1.3976,0.1242,6127,0.0199,0.1442,0.1431,0.0994,0.2009,0.3925,2017-09-07,NA,NA,13,13327,952
"840","dpz83cy",0.7536,0.0714,28,0,0.0714,0.1786,0.1071,0.1429,0.5,NA,NA,NA,NA,NA,NA
"841","dpz83cz",0.7085,0.015,2064,0.0244,0.2062,0.1715,0.0874,0.1168,0.3937,NA,NA,NA,NA,NA,NA
"842","dpz83d0",0.5067,0.173,5404,0.0303,0.2005,0.0901,0.0558,0.067,0.5563,NA,NA,NA,16,NA,NA
"843","dpz83d1",0.4554,0.0964,9299,0.0429,0.213,0.1133,0.0509,0.0731,0.5068,2016-09-17,0.0213,5,10,20740,5715
"844","dpz83d2",0.6682,0.1235,12004,0.0416,0.2196,0.1058,0.0475,0.0756,0.5099,2016-09-17,NA,NA,34,23078,10824
"845","dpz83d3",0.4431,0.0883,1586,0.0337,0.1649,0.119,0.0535,0.0904,0.5385,2017-01-18,0.0184,3,2,9677,11122
"846","dpz83d4",0.4715,0.0593,793,0.0292,0.1855,0.1258,0.0572,0.0966,0.5057,2010-07-27,NA,NA,2,14130,9142
"847","dpz83d5",0.6139,0.078,282,0.0393,0.1929,0.1036,0.0821,0.0607,0.5214,2012-08-07,NA,NA,NA,8550,6037
"848","dpz83d6",0.3977,0.0843,2336,0.0328,0.1953,0.1175,0.0683,0.0648,0.5213,NA,NA,NA,NA,NA,NA
"849","dpz83d7",0.6112,0.0523,459,0.0546,0.1703,0.1135,0.0437,0.0786,0.5393,NA,NA,NA,NA,NA,NA
"850","dpz83d8",1.6955,0.0294,34,0.0294,0.1471,0.0294,0.0588,0.0882,0.6471,NA,0.0492,4,NA,NA,NA
"851","dpz83d9",0.4523,0.0354,113,0.0265,0.2389,0.0708,0.0619,0.0265,0.5754,NA,NA,NA,NA,NA,NA
"852","dpz83db",0.7165,0.0602,133,0,0.1128,0.0451,0.0226,0.0677,0.7518,NA,NA,NA,NA,NA,NA
"853","dpz83dc",0.7016,0.0755,53,0.0189,0.0943,0.0755,0.0189,0.0189,0.7735,NA,NA,NA,NA,NA,NA
"854","dpz83dd",0.7092,0.0305,131,0.0154,0.2077,0.1231,0.1,0.1538,0.4,NA,NA,NA,4,NA,NA
"855","dpz83de",0.5261,0.0425,1059,0.0533,0.1895,0.1248,0.0533,0.0886,0.4905,NA,0.0177,12,4,NA,NA
"856","dpz83df",0.8083,0.16,25,0.08,0.48,0.2,0.04,0.08,0.12,NA,NA,NA,NA,NA,NA
"857","dpz83dg",0.6448,0.0292,137,0.0444,0.2222,0.1407,0.0296,0.1185,0.4446,2016-11-10,0.0424,6,NA,9430,9629
"858","dpz83dh",0.3976,0.0327,1254,0.0449,0.1822,0.1164,0.0578,0.0843,0.5144,2016-11-10,NA,NA,5,16489,28424
"859","dpz83dj",0.4533,0.0531,339,0.0299,0.1672,0.1045,0.0567,0.0776,0.5641,NA,0.0553,3,NA,NA,NA
"860","dpz83dk",0.4731,0.0276,434,0.0416,0.157,0.1663,0.067,0.0716,0.4965,2016-11-10,NA,NA,2,10403,26445
"861","dpz83dm",0.4838,0.0705,2029,0.0347,0.1699,0.1382,0.0812,0.0931,0.4829,NA,0.0467,5,NA,NA,NA
"862","dpz83dn",0.576,0.0898,1358,0.04,0.1548,0.143,0.0437,0.0689,0.5496,2016-09-17,0.0637,11,NA,10911,14579
"863","dpz83dp",0.7028,0.0461,152,0.0199,0.2053,0.1656,0.0662,0.0662,0.4768,NA,NA,NA,3,NA,NA
"864","dpz83dq",0.6074,0.0532,1956,0.0346,0.1808,0.1281,0.0615,0.0816,0.5134,2016-09-17,0.0309,5,2,12454,11224
"865","dpz83dr",0.5235,0.07,357,0.0338,0.2,0.1606,0.0761,0.0648,0.4647,2017-06-13,NA,NA,NA,9968,18326
"866","dpz83ds",0.6427,0.0597,1274,0.0261,0.1733,0.0965,0.0926,0.1116,0.4999,2016-11-10,0.017,3,7,15397,20612
"867","dpz83dt",0.6805,0.0196,2852,0.0442,0.2035,0.1111,0.0456,0.0832,0.5124,2016-09-17,NA,NA,5,10956,21936
"868","dpz83du",0.9072,0.0606,33,0,0.2727,0.0909,0.0606,0.1212,0.4546,NA,NA,NA,NA,NA,NA
"869","dpz83dv",0.5585,0.0423,1277,0.026,0.1661,0.1244,0.0661,0.0969,0.5205,2017-01-17,NA,NA,15,9525,15491
"870","dpz83dw",0.4105,0.0759,6492,0.0405,0.1979,0.1216,0.0568,0.0865,0.4967,2017-06-15,NA,NA,13,11767,10589
"871","dpz83dx",0.5086,0.0599,334,0.027,0.1562,0.1952,0.0781,0.1411,0.4024,NA,NA,NA,NA,NA,NA
"872","dpz83dy",0.7566,0.0533,1051,0.0173,0.2027,0.1037,0.0355,0.1076,0.5332,NA,NA,NA,2,NA,NA
"873","dpz83dz",0.6718,0.0632,95,0.0426,0.117,0.1915,0.1064,0.1915,0.351,NA,NA,NA,NA,NA,NA
"874","dpz83e0",0.5673,0.1141,482,0.0063,0.2062,0.0771,0.0292,0.0479,0.6333,2015-04-13,NA,NA,3,10171,17916
"875","dpz83e1",0.7361,0.1144,1110,0.0154,0.2235,0.0932,0.0335,0.0516,0.5828,NA,NA,NA,8,NA,NA
"876","dpz83e2",0.5951,0.0426,399,0.0152,0.203,0.1421,0.0508,0.1244,0.4645,NA,0.0164,3,NA,NA,NA
"877","dpz83e3",0.724,0.0843,1068,0.0378,0.1864,0.2318,0.018,0.0492,0.4768,NA,NA,NA,NA,NA,NA
"878","dpz83e4",0.9536,0.0502,1515,0.0591,0.1847,0.1528,0.0718,0.1043,0.4273,2011-05-09,0.02,6,3,9560,1864
"879","dpz83e5",0.7144,0.1429,42,0.119,0.2143,0.1429,0.0952,0.1429,0.2857,NA,NA,NA,NA,NA,NA
"880","dpz83e6",0.4917,0.0819,8649,0.0415,0.1852,0.1267,0.0518,0.1075,0.4873,2015-04-13,NA,NA,11,16598,31918
"881","dpz83e7",0.401,0.049,449,0.0362,0.1765,0.1199,0.0611,0.1176,0.4887,NA,NA,NA,5,NA,NA
"882","dpz83e8",0.5587,0.037,270,0.0149,0.2649,0.1567,0.0634,0.1119,0.3882,2017-01-18,NA,NA,3,9443,7916
"883","dpz83e9",0.9021,0.0145,415,0.0292,0.2092,0.1825,0.0633,0.1265,0.3893,NA,0.0373,4,NA,NA,NA
"884","dpz83eb",0.6853,0.0172,349,0.0432,0.2421,0.1124,0.0317,0.0634,0.5072,NA,NA,NA,NA,NA,NA
"885","dpz83ec",0.511,0.0319,470,0.06,0.1991,0.137,0.0278,0.0685,0.5076,2009-07-23,0.0285,4,NA,19660,12211
"886","dpz83ed",0.9308,0.0675,163,0.037,0.2654,0.1173,0.0741,0.1049,0.4013,2016-11-10,0.007,3,NA,12509,16952
"887","dpz83ee",0.434,0.077,922,0.0284,0.1954,0.0993,0.0404,0.1419,0.4946,NA,NA,NA,NA,NA,NA
"888","dpz83ef",2.0266,0.0465,43,0,0.2326,0.3023,0.0698,0.0233,0.372,NA,NA,NA,NA,NA,NA
"889","dpz83eg",0.7289,0.0907,970,0.0584,0.2106,0.1502,0.0355,0.1022,0.4431,2016-11-05,NA,NA,4,10019,21562
"890","dpz83eh",0.7844,0.1304,23,0,0.0435,0,0.1304,0.5217,0.3044,NA,NA,NA,NA,NA,NA
"891","dpz83ej",0.4903,0.065,200,0.0417,0.2292,0.0885,0.0208,0.125,0.4948,2014-05-06,NA,NA,NA,5644,3945
"892","dpz83ek",0.4297,0.0619,4536,0.036,0.1873,0.1238,0.0632,0.1178,0.4719,2015-04-11,0.0283,7,8,10925,34615
"893","dpz83em",0.5239,0.3263,377,0.0481,0.1818,0.2299,0.0588,0.1176,0.3638,2015-04-13,NA,NA,NA,8889,10912
"894","dpz83en",0.6016,0.0611,131,0.0076,0.5191,0.084,0.0687,0.1145,0.2061,2009-08-18,NA,NA,6,8842,6779
"895","dpz83ep",0.532,0.0812,197,0.0203,0.1117,0.2487,0.1675,0.1523,0.2995,2016-11-08,0.0067,3,2,11028,6952
"896","dpz83eq",0.4706,0.0844,154,0.013,0.2662,0.1883,0.0195,0.0584,0.4546,NA,NA,NA,NA,NA,NA
"897","dpz83er",0.4434,0.0727,4169,0.0238,0.1864,0.142,0.0507,0.1045,0.4926,2015-04-13,NA,NA,5,13764,10302
"898","dpz83es",0.8907,0.0488,41,0.0244,0.2195,0.1463,0.0488,0.2439,0.3171,2016-11-05,0.02,3,5,4591,11381
"899","dpz83et",0.7858,0.1176,34,0.0294,0.1471,0.1765,0.0294,0.0882,0.5294,NA,NA,NA,NA,NA,NA
"900","dpz83eu",1.75,0.0408,49,0,0.25,0.1458,0.0417,0.2083,0.3542,NA,NA,NA,NA,NA,NA
"901","dpz83ev",0.4555,0.0197,152,0.053,0.2119,0.1192,0.0331,0.106,0.4768,NA,NA,NA,NA,NA,NA
"902","dpz83ew",0.9397,0.0361,194,0.0259,0.1451,0.2228,0.0725,0.1503,0.3834,2016-11-08,NA,NA,10,7288,23017
"903","dpz83ex",0.5632,0.1369,482,0.0084,0.251,0.1339,0.0586,0.1088,0.4393,NA,NA,NA,NA,NA,NA
"904","dpz83ey",0.4601,0.0331,181,0.0337,0.191,0.1742,0.0225,0.1348,0.4438,NA,0.0129,3,2,NA,NA
"905","dpz83ez",2.3766,0.0455,22,0,0.1818,0.0455,0.0455,0.1818,0.5454,NA,NA,NA,NA,NA,NA
"906","dpz83f0",0.563,0.1513,423,0.0311,0.2249,0.1435,0.0694,0.1411,0.39,NA,NA,NA,2,NA,NA
"907","dpz83f1",0.6313,0.1427,4372,0.0233,0.2065,0.1455,0.0664,0.1261,0.4322,2016-11-08,NA,NA,NA,12017,20866
"908","dpz83f2",0.6163,0.0377,159,0.0316,0.1139,0.2025,0.1139,0.1203,0.4178,2016-11-08,NA,NA,5,13816,9692
"909","dpz83f3",0.7208,0.0476,42,0.0476,0.1905,0.1905,0,0.1667,0.4047,NA,NA,NA,NA,NA,NA
"910","dpz83f4",0.8281,0.0208,48,0.0417,0.25,0.125,0.0417,0.1458,0.3958,NA,NA,NA,NA,NA,NA
"911","dpz83f5",0.6504,0.1283,14791,0.029,0.22,0.1668,0.0649,0.1152,0.4041,2017-06-21,0.036,8,2,15662,13535
"912","dpz83f6",0.9773,0.027,37,0,0.3056,0.0833,0.0278,0.0833,0.5,NA,NA,NA,NA,NA,NA
"913","dpz83f7",0.5134,0.2034,1465,0.0165,0.2642,0.234,0.0686,0.0439,0.3728,2016-09-17,NA,NA,NA,12960,7333
"914","dpz83f8",0.5044,0.125,264,0.1098,0.2045,0.2992,0.0682,0.0417,0.2766,2016-11-08,0.0055,3,15,10374,7179
"915","dpz83f9",0.6029,0.038,526,0.0749,0.1785,0.1478,0.0845,0.167,0.3473,NA,NA,NA,NA,NA,NA
"916","dpz83fb",0.8434,0.0488,82,0,0.1829,0.1707,0.0488,0.2317,0.3659,2016-11-08,NA,NA,6,13867,11799
"917","dpz83fc",0.4547,0.0714,84,0.0119,0.2976,0.131,0.0833,0.2738,0.2024,NA,NA,NA,NA,NA,NA
"918","dpz83fd",0.9339,0.0302,298,0.0135,0.2331,0.1926,0.0642,0.1588,0.3378,2016-11-08,0.0525,42,3,17770,7083
"919","dpz83fe",0.7623,0.0439,592,0.0526,0.2037,0.2598,0.0577,0.0985,0.3277,2009-08-19,0.0267,3,2,9398,2697
"920","dpz83ff",0.6644,0.1509,3891,0.046,0.1973,0.188,0.0729,0.0786,0.4172,2016-09-17,0.0304,12,3,14487,3368
"921","dpz83fg",0.7806,0.0519,77,0.0921,0.3026,0.1711,0.0526,0.0658,0.3158,2013-08-13,NA,NA,NA,8880,2605
"922","dpz83fh",0.8417,0.0729,329,0.0185,0.2315,0.2469,0.0926,0.0401,0.3704,2013-07-30,0.0125,3,NA,7485,6045
"923","dpz83fj",0.6408,0.0345,29,0.0345,0.5172,0.1724,0.0345,0,0.2414,NA,NA,NA,NA,NA,NA
"924","dpz83fk",0.4375,0.0952,21,0.1429,0.0952,0.0952,0,0,0.6667,2017-05-17,NA,NA,NA,6632,11774
"925","dpz83fm",0.579,0.1338,2309,0.0248,0.2351,0.1715,0.0818,0.1297,0.3571,2010-08-10,0.0098,5,NA,10293,4473
"926","dpz83fn",0.7058,0.0686,175,0,0.0286,0.0857,0,0.2686,0.6171,2008-02-27,NA,NA,4,6830,2825
"927","dpz83fp",0.5676,0.0703,811,0.0175,0.3354,0.0935,0.01,0.0648,0.4788,NA,NA,NA,NA,NA,NA
"928","dpz83fq",0.4495,0.0591,372,0.0054,0.0995,0.1129,0.0376,0.2742,0.4704,2009-08-19,0.0115,8,3,10245,2092
"929","dpz83fr",0.6937,0.0879,842,0.0156,0.3257,0.1058,0.012,0.0613,0.4796,NA,NA,NA,NA,NA,NA
"930","dpz83fs",0.7426,0.0857,70,0.1,0.3143,0.3,0.0857,0.0286,0.1714,2010-02-11,0.0275,11,NA,8624,3453
"931","dpz83ft",0.5887,0.1111,108,0.0278,0.1944,0.25,0.0185,0.1204,0.3889,2015-12-02,0.0171,3,3,11996,5275
"932","dpz83fu",0.8725,0.071,169,0.0888,0.3373,0.1538,0.0296,0.071,0.3195,NA,NA,NA,NA,NA,NA
"933","dpz83fv",0.5583,0.1073,4883,0.0415,0.2132,0.164,0.0614,0.0919,0.428,2015-12-02,0.0289,4,NA,14364,5606
"934","dpz83fw",0.8104,0.048,999,0.0466,0.2217,0.1791,0.1002,0.1599,0.2925,NA,0.0566,5,11,NA,NA
"935","dpz83fx",0.8591,0.0599,5864,0.0613,0.2479,0.1605,0.0604,0.0819,0.388,NA,0.0143,3,NA,NA,NA
"936","dpz83fy",1.2136,0.0625,64,0.0156,0.2344,0.1406,0.25,0.125,0.2344,NA,NA,NA,NA,NA,NA
"937","dpz83fz",0.6602,0.2456,57,0.193,0.0526,0.6316,0.0351,0.0351,0.0526,NA,NA,NA,NA,NA,NA
"938","dpz83g0",1.377,0.1014,148,0.0205,0.2466,0.1301,0.0479,0.1507,0.4042,NA,NA,NA,NA,NA,NA
"939","dpz83g1",0.5344,0.0878,5504,0.0273,0.2143,0.1372,0.0414,0.1,0.4798,2016-11-08,0.0216,3,2,15846,3747
"940","dpz83g2",1.0962,0.0345,406,0.01,0.2264,0.0896,0.0274,0.092,0.5546,NA,NA,NA,NA,NA,NA
"941","dpz83g3",0.6391,0.0704,1207,0.0375,0.1918,0.186,0.0684,0.0959,0.4204,NA,0.0229,3,2,NA,NA
"942","dpz83g4",0.5002,0.0614,1970,0.0287,0.2073,0.1438,0.0338,0.0901,0.4963,NA,NA,NA,NA,NA,NA
"943","dpz83g5",0.7192,0.0161,62,0.0161,0.2419,0.1774,0.0323,0.1935,0.3388,NA,NA,NA,NA,NA,NA
"944","dpz83g6",0.8967,0.0984,122,0.0336,0.3025,0.0924,0.0672,0.042,0.4623,NA,NA,NA,NA,NA,NA
"945","dpz83g7",0.5573,0.0557,449,0.0068,0.1847,0.1194,0.018,0.0315,0.6396,NA,NA,NA,NA,NA,NA
"946","dpz83g8",0.7358,0.0672,536,0.0112,0.1981,0.1477,0.0262,0.1047,0.5121,NA,NA,NA,NA,NA,NA
"947","dpz83g9",0.5143,0.069,449,0.009,0.2157,0.191,0.0517,0.0584,0.4742,2017-06-27,NA,NA,14,17835,5858
"948","dpz83gb",0.8808,0.0938,160,0.0189,0.1447,0.4088,0.0377,0.1321,0.2578,2010-06-17,NA,NA,2,14566,293
"949","dpz83gc",1.1381,0.0952,21,0,0.2381,0.5238,0,0.1905,0.0476,NA,NA,NA,NA,NA,NA
"950","dpz83gd",0.6677,0.1236,720,0.0098,0.209,0.1024,0.0238,0.0463,0.6087,NA,NA,NA,4,NA,NA
"951","dpz83ge",0.5733,0.0951,652,0.0077,0.1858,0.1053,0.0186,0.031,0.6516,NA,NA,NA,7,NA,NA
"952","dpz83gf",0.8989,0.2179,78,0,0.0641,0.859,0,0,0.0769,NA,NA,NA,NA,NA,NA
"953","dpz83gg",0.652,0.0288,278,0.0217,0.2862,0.1196,0.0435,0.1449,0.3841,2015-04-13,NA,NA,NA,11697,5541
"954","dpz83gh",0.619,0.0339,3153,0.0351,0.2223,0.1419,0.0657,0.0919,0.4431,2012-07-12,NA,NA,4,11522,4268
"955","dpz83gj",1.0779,0.1053,19,0,0.3684,0.1053,0,0.1579,0.3684,NA,NA,NA,3,NA,NA
"956","dpz83gk",0.9599,0.063,1413,0.0213,0.2145,0.1513,0.0298,0.0916,0.4915,2009-07-21,NA,NA,NA,9862,3786
"957","dpz83gm",1.202,0.1798,89,0,0.3864,0.1364,0.0341,0,0.4431,NA,NA,NA,NA,NA,NA
"958","dpz83gn",1.3557,0.1959,97,0.5053,0.2737,0.1053,0,0.0632,0.0525,NA,NA,NA,2,NA,NA
"959","dpz83gp",0.9644,0.0286,35,0,0.1176,0.1176,0.0294,0.2059,0.5295,2010-08-10,NA,NA,2,13355,705
"960","dpz83gq",1.4954,0.0578,346,0.038,0.1988,0.1257,0.0234,0.117,0.4971,NA,0.1447,10,NA,NA,NA
"961","dpz83gr",1.2013,0.1689,4873,0.0252,0.2204,0.1185,0.0275,0.0788,0.5296,NA,NA,NA,NA,NA,NA
"962","dpz83gs",0.4828,0.2381,21,0,0.7143,0.0476,0,0,0.2381,NA,NA,NA,NA,NA,NA
"963","dpz83gt",0.9188,0.1458,144,0.0069,0.2708,0.1458,0.0625,0.0278,0.4862,NA,NA,NA,NA,NA,NA
"964","dpz83gu",0.6178,0.0526,19,0.0526,0.6842,0.0526,0.0526,0,0.158,NA,NA,NA,2,NA,NA
"965","dpz83gv",0.7936,0.075,40,0,0.125,0.225,0.05,0.025,0.575,2015-04-13,NA,NA,NA,6416,2459
"966","dpz83gw",2.5981,0.137,146,0.0069,0.2966,0.131,0.0897,0.0276,0.4482,NA,NA,NA,NA,NA,NA
"967","dpz83gx",1.8578,0.1186,118,0,0.1304,0.0435,0.1826,0.1478,0.4957,NA,NA,NA,NA,NA,NA
"968","dpz83gy",0.7257,0.15,20,0.05,0.2,0.25,0.05,0,0.45,NA,NA,NA,5,NA,NA
"969","dpz83gz",1.2448,0.2384,172,0,0.1834,0.0414,0.1183,0.1302,0.5267,2015-04-18,NA,NA,NA,11666,6698
"970","dpz83h0",0.6506,0.0588,17,0,0.0588,0.0588,0,0.0588,0.8236,2015-04-02,NA,NA,4,10369,1931
"971","dpz83h1",0.9389,0.15,40,0,0.2308,0.1795,0,0.0769,0.5128,NA,NA,NA,NA,NA,NA
"972","dpz83h4",0.631,0.0625,16,0.0625,0.5625,0,0,0.0625,0.3125,NA,NA,NA,NA,NA,NA
"973","dpz83hh",0.9763,0.0517,58,0,0.2414,0.2069,0.1034,0.0517,0.3966,NA,NA,NA,NA,NA,NA
"974","dpz83hj",0.4308,0.0569,123,0,0.1707,0.1057,0.1626,0.252,0.309,NA,NA,NA,NA,NA,NA
"975","dpz83hn",0.445,0.1227,4802,0.0207,0.1984,0.1195,0.0896,0.1095,0.4623,2009-04-23,NA,NA,NA,13806,1391
"976","dpz83hp",0.5738,0.1285,1852,0.0038,0.2485,0.293,0.0608,0.07,0.3239,NA,NA,NA,NA,NA,NA
"977","dpz83k1",0.5041,0.0476,126,0,0.3629,0.0726,0.0968,0.129,0.3387,2017-01-17,NA,NA,NA,4436,7353
"978","dpz83k4",0.7476,0.0693,303,0,0.4702,0.1225,0.1325,0.0927,0.1821,NA,NA,NA,NA,NA,NA
"979","dpz83k5",0.6534,0.125,88,0,0.5568,0.1364,0.0227,0.1591,0.125,NA,NA,NA,NA,NA,NA
"980","dpz83kh",0.4581,0.0386,518,0.0251,0.1973,0.1373,0.0986,0.118,0.4237,NA,NA,NA,NA,NA,NA
"981","dpz83kj",0.4205,0.1394,6679,0.0445,0.2334,0.1022,0.0353,0.0418,0.5428,NA,NA,NA,NA,NA,NA
"982","dpz83kn",0.3663,0.0748,1136,0.055,0.2163,0.1312,0.0523,0.086,0.4592,NA,NA,NA,NA,NA,NA
"983","dpz83kp",0.4937,0.0244,41,0.0488,0.2927,0.122,0.0488,0.0976,0.3901,NA,NA,NA,NA,NA,NA
"984","dpz83s0",0.3591,0.1322,174,0.046,0.3448,0.2069,0.0287,0.0402,0.3334,NA,NA,NA,NA,NA,NA
"985","dpz83s1",0.4025,0.0754,1167,0.0448,0.2422,0.1129,0.0302,0.0517,0.5182,NA,NA,NA,3,NA,NA
"986","dpz83s4",0.5991,0.087,46,0.1304,0.1522,0.2391,0.0217,0.1304,0.3262,NA,NA,NA,NA,NA,NA
"987","dpz83s5",0.4403,0.0711,197,0.0152,0.1878,0.1218,0.0355,0.1574,0.4823,NA,NA,NA,NA,NA,NA
"988","dpz83sh",0.4208,0.1379,58,0.0172,0.1897,0.1724,0.0172,0.1897,0.4138,NA,NA,NA,NA,NA,NA
"989","dpz83sj",0.3559,0.0439,2300,0.047,0.2178,0.1489,0.0553,0.0949,0.4361,NA,NA,NA,NA,NA,NA
"990","dpz83sn",0.4058,0.0583,120,0.0417,0.15,0.175,0.0333,0.1917,0.4083,NA,NA,NA,NA,NA,NA
"991","dpz83sp",0.6194,0.1149,740,0.0109,0.173,0.1676,0.0354,0.1253,0.4878,NA,NA,NA,NA,NA,NA
"992","dpz83u0",0.4133,0.023,5340,0.0354,0.2204,0.1597,0.0523,0.0636,0.4686,NA,NA,NA,NA,NA,NA
"993","dpz83u1",0.1308,0.0323,31,0,0.1613,0.5484,0,0.2903,0,NA,NA,NA,NA,NA,NA
"994","dpz83u4",0.3783,0.1351,37,0,0.5135,0.3514,0,0.1081,0.027,NA,NA,NA,NA,NA,NA
"995","dpz83u5",0.373,0.0091,6060,0.0338,0.2578,0.1289,0.0654,0.0728,0.4413,NA,NA,NA,NA,NA,NA
"996","dpz83uh",0.8222,0.2051,195,0.0359,0.3231,0.1692,0.0205,0.0308,0.4205,NA,NA,NA,NA,NA,NA
"997","dpz83uj",1.3424,0.3064,235,0.0348,0.287,0.1652,0.0261,0.0826,0.4043,NA,NA,NA,NA,NA,NA
"998","dpz83un",1.7211,0.069,29,0.069,0.2069,0.1034,0.069,0.2069,0.3448,NA,NA,NA,NA,NA,NA
"999","dpz83up",0.3121,0.1,8139,0.027,0.2136,0.0864,0.0436,0.1256,0.5038,NA,NA,NA,NA,NA,NA
"1000","dpz8610",0.8643,0.3776,98,0.0714,0.5,0.2041,0.0102,0.0204,0.1939,NA,NA,NA,NA,NA,NA
"1001","dpz8612",1.2158,0.0451,2815,0.0218,0.1955,0.1591,0.0846,0.2276,0.3114,NA,NA,NA,NA,NA,NA
"1002","dpz8618",0.9144,0.0371,5477,0.025,0.1612,0.1678,0.0921,0.1797,0.3742,NA,NA,NA,NA,NA,NA
"1003","dpz861b",0.2559,0.2121,33,0,0.2727,0.2727,0.0303,0.0909,0.3334,NA,NA,NA,NA,NA,NA
"1004","dpz8640",1.2193,0.04,25,0,0.32,0.12,0.04,0.12,0.4,NA,NA,NA,NA,NA,NA
"1005","dpz8642",0.4896,0.0818,110,0.0273,0.2364,0.1455,0.0273,0.1091,0.4544,NA,NA,NA,NA,NA,NA
"1006","dpz8648",0.3056,0.057,894,0.0293,0.425,0.1229,0.0609,0.0947,0.2672,NA,NA,NA,NA,NA,NA
"1007","dpz864b",0.3501,0.1024,5759,0.0708,0.2422,0.1515,0.0526,0.0746,0.4083,NA,NA,NA,NA,NA,NA
"1008","dpz8650",0.4304,0.2609,23,0,0.1304,0.3913,0,0.0435,0.4348,NA,NA,NA,NA,NA,NA
"1009","dpz8652",0.4999,0.0452,531,0.0095,0.129,0.1954,0.0493,0.1784,0.4384,NA,NA,NA,NA,NA,NA
"1010","dpz8658",0.2836,0.0458,8392,0.0269,0.1905,0.0769,0.0426,0.1249,0.5382,NA,NA,NA,NA,NA,NA
"1011","dpz865b",0.3053,0.0324,6882,0.0326,0.2255,0.1588,0.0486,0.0811,0.4534,NA,NA,NA,NA,NA,NA
"1012","dpz86h0",0.2801,0.0253,4312,0.029,0.2272,0.1458,0.0491,0.0848,0.4641,NA,NA,NA,NA,NA,NA
